C,SETP.WORLD,FPP_DCF,AEMO,PUBLIC,2025/04/29,18:23:21,0000000461200046,FPP,0000000461200046
I,FPP,FORECAST_DEFAULT_CF,1,FPP_UNITID,CONSTRAINTID,EFFECTIVE_START_DATETIME,EFFECTIVE_END_DATETIME,VERSIONNO,BIDTYPE,REGIONID,DEFAULT_CONTRIBUTION_FACTOR,DCF_REASON_FLAG,DCF_ABS_NEGATIVE_PERF_TOTAL,SETTLEMENTS_UNITID
D,FPP,FORECAST_DEFAULT_CF,1,ADPBA1,F_I+GFT_TG_R5,"2025/04/29 18:20:00","2025/05/04 00:00:00",1,RAISEREG,SA1,-0.00011645,0,356.21633,ADPBA1
D,FPP,FORECAST_DEFAULT_CF,1,ADPPV1,F_I+GFT_TG_R5,"2025/04/29 18:20:00","2025/05/04 00:00:00",1,RAISEREG,SA1,-0.00024002,0,356.21633,ADPPV1
D,FPP,FORECAST_DEFAULT_CF,1,AGLHAL,F_I+GFT_TG_R5,"2025/04/29 18:20:00","2025/05/04 00:00:00",1,RAISEREG,SA1,-0.00038611,0,356.21633,AGLHAL
D,FPP,FORECAST_DEFAULT_CF,1,AGLSOM,F_I+GFT_TG_R5,"2025/04/29 18:20:00","2025/05/04 00:00:00",1,RAISEREG,VIC1,-0.00062734,0,356.21633,AGLSOM
D,FPP,FORECAST_DEFAULT_CF,1,ALDGASF1,F_I+GFT_TG_R5,"2025/04/29 18:20:00","2025/05/04 00:00:00",1,RAISEREG,QLD1,0.00000000,0,356.21633,ALDGASF1
D,FPP,FORECAST_DEFAULT_CF,1,ANGAST1,F_I+GFT_TG_R5,"2025/04/29 18:20:00","2025/05/04 00:00:00",1,RAISEREG,SA1,-0.00003329,0,356.21633,ANGAST1
D,FPP,FORECAST_DEFAULT_CF,1,APD_LOAD,F_I+GFT_TG_R5,"2025/04/29 18:20:00","2025/05/04 00:00:00",1,RAISEREG,VIC1,-0.00366117,0,356.21633,VAPD
D,FPP,FORECAST_DEFAULT_CF,1,ARWF1,F_I+GFT_TG_R5,"2025/04/29 18:20:00","2025/05/04 00:00:00",1,RAISEREG,VIC1,-0.00326580,0,356.21633,ARWF1
D,FPP,FORECAST_DEFAULT_CF,1,AVLSF1,F_I+GFT_TG_R5,"2025/04/29 18:20:00","2025/05/04 00:00:00",1,RAISEREG,NSW1,-0.00681732,0,356.21633,AVLSF1
D,FPP,FORECAST_DEFAULT_CF,1,BALB1,F_I+GFT_TG_R5,"2025/04/29 18:20:00","2025/05/04 00:00:00",1,RAISEREG,VIC1,-0.00000003,0,356.21633,BALB1
D,FPP,FORECAST_DEFAULT_CF,1,BALDHWF1,F_I+GFT_TG_R5,"2025/04/29 18:20:00","2025/05/04 00:00:00",1,RAISEREG,VIC1,-0.00189214,0,356.21633,BALDHWF1
D,FPP,FORECAST_DEFAULT_CF,1,BANGOWF1,F_I+GFT_TG_R5,"2025/04/29 18:20:00","2025/05/04 00:00:00",1,RAISEREG,NSW1,-0.00325979,0,356.21633,BANGOWF1
D,FPP,FORECAST_DEFAULT_CF,1,BANGOWF2,F_I+GFT_TG_R5,"2025/04/29 18:20:00","2025/05/04 00:00:00",1,RAISEREG,NSW1,-0.00223387,0,356.21633,BANGOWF2
D,FPP,FORECAST_DEFAULT_CF,1,BANN1,F_I+GFT_TG_R5,"2025/04/29 18:20:00","2025/05/04 00:00:00",1,RAISEREG,VIC1,-0.00103513,0,356.21633,BANN1
D,FPP,FORECAST_DEFAULT_CF,1,BARCALDN,F_I+GFT_TG_R5,"2025/04/29 18:20:00","2025/05/04 00:00:00",1,RAISEREG,QLD1,-0.00006897,0,356.21633,BARCALDN
D,FPP,FORECAST_DEFAULT_CF,1,BARCSF1,F_I+GFT_TG_R5,"2025/04/29 18:20:00","2025/05/04 00:00:00",1,RAISEREG,QLD1,-0.00027034,0,356.21633,BARCSF1
D,FPP,FORECAST_DEFAULT_CF,1,BARKIPS1,F_I+GFT_TG_R5,"2025/04/29 18:20:00","2025/05/04 00:00:00",1,RAISEREG,SA1,-0.00178358,0,356.21633,BARKIPS1
D,FPP,FORECAST_DEFAULT_CF,1,BARRON-1,F_I+GFT_TG_R5,"2025/04/29 18:20:00","2025/05/04 00:00:00",1,RAISEREG,QLD1,0.00000000,0,356.21633,BARRON-1
D,FPP,FORECAST_DEFAULT_CF,1,BARRON-2,F_I+GFT_TG_R5,"2025/04/29 18:20:00","2025/05/04 00:00:00",1,RAISEREG,QLD1,0.00000000,0,356.21633,BARRON-2
D,FPP,FORECAST_DEFAULT_CF,1,BASTYAN,F_I+GFT_TG_R5,"2025/04/29 18:20:00","2025/05/04 00:00:00",1,RAISEREG,TAS1,-0.00031343,0,356.21633,BASTYAN
D,FPP,FORECAST_DEFAULT_CF,1,BBATTERY1,F_I+GFT_TG_R5,"2025/04/29 18:20:00","2025/05/04 00:00:00",1,RAISEREG,QLD1,-0.00088008,0,356.21633,BBATTERY1
D,FPP,FORECAST_DEFAULT_CF,1,BBTHREE1,F_I+GFT_TG_R5,"2025/04/29 18:20:00","2025/05/04 00:00:00",1,RAISEREG,TAS1,-0.00006269,0,356.21633,BBTHREE1
D,FPP,FORECAST_DEFAULT_CF,1,BBTHREE2,F_I+GFT_TG_R5,"2025/04/29 18:20:00","2025/05/04 00:00:00",1,RAISEREG,TAS1,-0.00000146,0,356.21633,BBTHREE2
D,FPP,FORECAST_DEFAULT_CF,1,BBTHREE3,F_I+GFT_TG_R5,"2025/04/29 18:20:00","2025/05/04 00:00:00",1,RAISEREG,TAS1,0.00000000,0,356.21633,BBTHREE3
D,FPP,FORECAST_DEFAULT_CF,1,BDL01,F_I+GFT_TG_R5,"2025/04/29 18:20:00","2025/05/04 00:00:00",1,RAISEREG,VIC1,0.00000000,0,356.21633,BDL01
D,FPP,FORECAST_DEFAULT_CF,1,BDL02,F_I+GFT_TG_R5,"2025/04/29 18:20:00","2025/05/04 00:00:00",1,RAISEREG,VIC1,0.00000000,0,356.21633,BDL02
D,FPP,FORECAST_DEFAULT_CF,1,BERYLSF1,F_I+GFT_TG_R5,"2025/04/29 18:20:00","2025/05/04 00:00:00",1,RAISEREG,NSW1,-0.00395731,0,356.21633,BERYLSF1
D,FPP,FORECAST_DEFAULT_CF,1,BHB1,F_I+GFT_TG_R5,"2025/04/29 18:20:00","2025/05/04 00:00:00",1,RAISEREG,NSW1,-0.00009292,0,356.21633,BHB1
D,FPP,FORECAST_DEFAULT_CF,1,BLOWERNG,F_I+GFT_TG_R5,"2025/04/29 18:20:00","2025/05/04 00:00:00",1,RAISEREG,NSW1,-0.00001112,0,356.21633,BLOWERNG
D,FPP,FORECAST_DEFAULT_CF,1,BLUEGSF1,F_I+GFT_TG_R5,"2025/04/29 18:20:00","2025/05/04 00:00:00",1,RAISEREG,QLD1,-0.00533985,0,356.21633,BLUEGSF1
D,FPP,FORECAST_DEFAULT_CF,1,BLUFF1,F_I+GFT_TG_R5,"2025/04/29 18:20:00","2025/05/04 00:00:00",1,RAISEREG,SA1,-0.00072652,0,356.21633,BLUFF1
D,FPP,FORECAST_DEFAULT_CF,1,BLYTHB1,F_I+GFT_TG_R5,"2025/04/29 18:20:00","2025/05/04 00:00:00",1,RAISEREG,SA1,-0.00093056,0,356.21633,BLYTHB1
D,FPP,FORECAST_DEFAULT_CF,1,BNGSF1,F_I+GFT_TG_R5,"2025/04/29 18:20:00","2025/05/04 00:00:00",1,RAISEREG,SA1,-0.00390911,0,356.21633,BNGSF1
D,FPP,FORECAST_DEFAULT_CF,1,BNGSF2,F_I+GFT_TG_R5,"2025/04/29 18:20:00","2025/05/04 00:00:00",1,RAISEREG,SA1,-0.00387801,0,356.21633,BNGSF2
D,FPP,FORECAST_DEFAULT_CF,1,BOCORWF1,F_I+GFT_TG_R5,"2025/04/29 18:20:00","2025/05/04 00:00:00",1,RAISEREG,NSW1,-0.00306173,0,356.21633,BOCORWF1
D,FPP,FORECAST_DEFAULT_CF,1,BODWF1,F_I+GFT_TG_R5,"2025/04/29 18:20:00","2025/05/04 00:00:00",1,RAISEREG,NSW1,-0.00326566,0,356.21633,BODWF1
D,FPP,FORECAST_DEFAULT_CF,1,BOLIVPS1,F_I+GFT_TG_R5,"2025/04/29 18:20:00","2025/05/04 00:00:00",1,RAISEREG,SA1,-0.00007465,0,356.21633,BOLIVPS1
D,FPP,FORECAST_DEFAULT_CF,1,BOMENSF1,F_I+GFT_TG_R5,"2025/04/29 18:20:00","2025/05/04 00:00:00",1,RAISEREG,NSW1,-0.00294304,0,356.21633,BOMENSF1
D,FPP,FORECAST_DEFAULT_CF,1,BOWWBA1,F_I+GFT_TG_R5,"2025/04/29 18:20:00","2025/05/04 00:00:00",1,RAISEREG,SA1,-0.00004542,0,356.21633,BOWWBA1
D,FPP,FORECAST_DEFAULT_CF,1,BOWWPV1,F_I+GFT_TG_R5,"2025/04/29 18:20:00","2025/05/04 00:00:00",1,RAISEREG,SA1,-0.00009522,0,356.21633,BOWWPV1
D,FPP,FORECAST_DEFAULT_CF,1,BOYNE_LOAD,F_I+GFT_TG_R5,"2025/04/29 18:20:00","2025/05/04 00:00:00",1,RAISEREG,QLD1,-0.00171685,0,356.21633,QBOH
D,FPP,FORECAST_DEFAULT_CF,1,BRAEMAR1,F_I+GFT_TG_R5,"2025/04/29 18:20:00","2025/05/04 00:00:00",1,RAISEREG,QLD1,-0.00019457,0,356.21633,BRAEMAR1
D,FPP,FORECAST_DEFAULT_CF,1,BRAEMAR2,F_I+GFT_TG_R5,"2025/04/29 18:20:00","2025/05/04 00:00:00",1,RAISEREG,QLD1,-0.00003950,0,356.21633,BRAEMAR2
D,FPP,FORECAST_DEFAULT_CF,1,BRAEMAR3,F_I+GFT_TG_R5,"2025/04/29 18:20:00","2025/05/04 00:00:00",1,RAISEREG,QLD1,-0.00016265,0,356.21633,BRAEMAR3
D,FPP,FORECAST_DEFAULT_CF,1,BRAEMAR5,F_I+GFT_TG_R5,"2025/04/29 18:20:00","2025/05/04 00:00:00",1,RAISEREG,QLD1,-0.00020134,0,356.21633,BRAEMAR5
D,FPP,FORECAST_DEFAULT_CF,1,BRAEMAR6,F_I+GFT_TG_R5,"2025/04/29 18:20:00","2025/05/04 00:00:00",1,RAISEREG,QLD1,0.00000000,0,356.21633,BRAEMAR6
D,FPP,FORECAST_DEFAULT_CF,1,BRAEMAR7,F_I+GFT_TG_R5,"2025/04/29 18:20:00","2025/05/04 00:00:00",1,RAISEREG,QLD1,-0.00003520,0,356.21633,BRAEMAR7
D,FPP,FORECAST_DEFAULT_CF,1,BROKENH1,F_I+GFT_TG_R5,"2025/04/29 18:20:00","2025/05/04 00:00:00",1,RAISEREG,NSW1,-0.00059436,0,356.21633,BROKENH1
D,FPP,FORECAST_DEFAULT_CF,1,BRYB1WF1,F_I+GFT_TG_R5,"2025/04/29 18:20:00","2025/05/04 00:00:00",1,RAISEREG,VIC1,-0.00289122,0,356.21633,BRYB1WF1
D,FPP,FORECAST_DEFAULT_CF,1,BRYB2WF2,F_I+GFT_TG_R5,"2025/04/29 18:20:00","2025/05/04 00:00:00",1,RAISEREG,VIC1,-0.00154642,0,356.21633,BRYB2WF2
D,FPP,FORECAST_DEFAULT_CF,1,BULBES1,F_I+GFT_TG_R5,"2025/04/29 18:20:00","2025/05/04 00:00:00",1,RAISEREG,VIC1,-0.00019935,0,356.21633,BULBES1
D,FPP,FORECAST_DEFAULT_CF,1,BULGANA1,F_I+GFT_TG_R5,"2025/04/29 18:20:00","2025/05/04 00:00:00",1,RAISEREG,VIC1,-0.00154139,0,356.21633,BULGANA1
D,FPP,FORECAST_DEFAULT_CF,1,BUTLERSG,F_I+GFT_TG_R5,"2025/04/29 18:20:00","2025/05/04 00:00:00",1,RAISEREG,TAS1,-0.00001067,0,356.21633,BUTLERSG
D,FPP,FORECAST_DEFAULT_CF,1,BW01,F_I+GFT_TG_R5,"2025/04/29 18:20:00","2025/05/04 00:00:00",1,RAISEREG,NSW1,0.00000000,0,356.21633,BW01
D,FPP,FORECAST_DEFAULT_CF,1,BW02,F_I+GFT_TG_R5,"2025/04/29 18:20:00","2025/05/04 00:00:00",1,RAISEREG,NSW1,0.00000000,0,356.21633,BW02
D,FPP,FORECAST_DEFAULT_CF,1,BW03,F_I+GFT_TG_R5,"2025/04/29 18:20:00","2025/05/04 00:00:00",1,RAISEREG,NSW1,-0.00111345,0,356.21633,BW03
D,FPP,FORECAST_DEFAULT_CF,1,BW04,F_I+GFT_TG_R5,"2025/04/29 18:20:00","2025/05/04 00:00:00",1,RAISEREG,NSW1,-0.00092152,0,356.21633,BW04
D,FPP,FORECAST_DEFAULT_CF,1,BWTR1,F_I+GFT_TG_R5,"2025/04/29 18:20:00","2025/05/04 00:00:00",1,RAISEREG,NSW1,-0.00026346,0,356.21633,BWTR1
D,FPP,FORECAST_DEFAULT_CF,1,CALL_B_1,F_I+GFT_TG_R5,"2025/04/29 18:20:00","2025/05/04 00:00:00",1,RAISEREG,QLD1,-0.00066249,0,356.21633,CALL_B_1
D,FPP,FORECAST_DEFAULT_CF,1,CALL_B_2,F_I+GFT_TG_R5,"2025/04/29 18:20:00","2025/05/04 00:00:00",1,RAISEREG,QLD1,-0.00007456,0,356.21633,CALL_B_2
D,FPP,FORECAST_DEFAULT_CF,1,CAPBES1,F_I+GFT_TG_R5,"2025/04/29 18:20:00","2025/05/04 00:00:00",1,RAISEREG,NSW1,-0.00052729,0,356.21633,CAPBES1
D,FPP,FORECAST_DEFAULT_CF,1,CAPTL_WF,F_I+GFT_TG_R5,"2025/04/29 18:20:00","2025/05/04 00:00:00",1,RAISEREG,NSW1,-0.00123310,0,356.21633,CAPTL_WF
D,FPP,FORECAST_DEFAULT_CF,1,CATHROCK,F_I+GFT_TG_R5,"2025/04/29 18:20:00","2025/05/04 00:00:00",1,RAISEREG,SA1,-0.00136956,0,356.21633,CATHROCK
D,FPP,FORECAST_DEFAULT_CF,1,CBWWBA1,F_I+GFT_TG_R5,"2025/04/29 18:20:00","2025/05/04 00:00:00",1,RAISEREG,SA1,-0.00005112,0,356.21633,CBWWBA1
D,FPP,FORECAST_DEFAULT_CF,1,CETHANA,F_I+GFT_TG_R5,"2025/04/29 18:20:00","2025/05/04 00:00:00",1,RAISEREG,TAS1,0.00000000,0,356.21633,CETHANA
D,FPP,FORECAST_DEFAULT_CF,1,CG1,F_I+GFT_TG_R5,"2025/04/29 18:20:00","2025/05/04 00:00:00",1,RAISEREG,NSW1,-0.00008363,0,356.21633,CG1
D,FPP,FORECAST_DEFAULT_CF,1,CG2,F_I+GFT_TG_R5,"2025/04/29 18:20:00","2025/05/04 00:00:00",1,RAISEREG,NSW1,-0.00024659,0,356.21633,CG2
D,FPP,FORECAST_DEFAULT_CF,1,CG3,F_I+GFT_TG_R5,"2025/04/29 18:20:00","2025/05/04 00:00:00",1,RAISEREG,NSW1,-0.00006886,0,356.21633,CG3
D,FPP,FORECAST_DEFAULT_CF,1,CG4,F_I+GFT_TG_R5,"2025/04/29 18:20:00","2025/05/04 00:00:00",1,RAISEREG,NSW1,-0.00016948,0,356.21633,CG4
D,FPP,FORECAST_DEFAULT_CF,1,CHALLHWF,F_I+GFT_TG_R5,"2025/04/29 18:20:00","2025/05/04 00:00:00",1,RAISEREG,VIC1,-0.00066996,0,356.21633,CHALLHWF
D,FPP,FORECAST_DEFAULT_CF,1,CHBESS1,F_I+GFT_TG_R5,"2025/04/29 18:20:00","2025/05/04 00:00:00",1,RAISEREG,QLD1,-0.00021790,0,356.21633,CHBESS1
D,FPP,FORECAST_DEFAULT_CF,1,CHILDSF1,F_I+GFT_TG_R5,"2025/04/29 18:20:00","2025/05/04 00:00:00",1,RAISEREG,QLD1,-0.00383270,0,356.21633,CHILDSF1
D,FPP,FORECAST_DEFAULT_CF,1,CHYTWF1,F_I+GFT_TG_R5,"2025/04/29 18:20:00","2025/05/04 00:00:00",1,RAISEREG,VIC1,-0.00082980,0,356.21633,CHYTWF1
D,FPP,FORECAST_DEFAULT_CF,1,CLARESF1,F_I+GFT_TG_R5,"2025/04/29 18:20:00","2025/05/04 00:00:00",1,RAISEREG,QLD1,-0.00667347,0,356.21633,CLARESF1
D,FPP,FORECAST_DEFAULT_CF,1,CLEMGPWF,F_I+GFT_TG_R5,"2025/04/29 18:20:00","2025/05/04 00:00:00",1,RAISEREG,SA1,-0.00077023,0,356.21633,CLEMGPWF
D,FPP,FORECAST_DEFAULT_CF,1,CLERMSF1,F_I+GFT_TG_R5,"2025/04/29 18:20:00","2025/05/04 00:00:00",1,RAISEREG,QLD1,-0.00269707,0,356.21633,CLERMSF1
D,FPP,FORECAST_DEFAULT_CF,1,CLOVER,F_I+GFT_TG_R5,"2025/04/29 18:20:00","2025/05/04 00:00:00",1,RAISEREG,VIC1,-0.00000385,0,356.21633,CLOVER
D,FPP,FORECAST_DEFAULT_CF,1,CLRKCWF1,F_I+GFT_TG_R5,"2025/04/29 18:20:00","2025/05/04 00:00:00",1,RAISEREG,QLD1,-0.00666398,0,356.21633,CLRKCWF1
D,FPP,FORECAST_DEFAULT_CF,1,CLRKCWF2,F_I+GFT_TG_R5,"2025/04/29 18:20:00","2025/05/04 00:00:00",1,RAISEREG,QLD1,0.00000000,0,356.21633,CLRKCWF2
D,FPP,FORECAST_DEFAULT_CF,1,CLUNY,F_I+GFT_TG_R5,"2025/04/29 18:20:00","2025/05/04 00:00:00",1,RAISEREG,TAS1,-0.00012860,0,356.21633,CLUNY
D,FPP,FORECAST_DEFAULT_CF,1,CNUNDAWF,F_I+GFT_TG_R5,"2025/04/29 18:20:00","2025/05/04 00:00:00",1,RAISEREG,SA1,-0.00081672,0,356.21633,CNUNDAWF
D,FPP,FORECAST_DEFAULT_CF,1,COHUNSF1,F_I+GFT_TG_R5,"2025/04/29 18:20:00","2025/05/04 00:00:00",1,RAISEREG,VIC1,-0.00024120,0,356.21633,COHUNSF1
D,FPP,FORECAST_DEFAULT_CF,1,COLEASF1,F_I+GFT_TG_R5,"2025/04/29 18:20:00","2025/05/04 00:00:00",1,RAISEREG,NSW1,-0.00083124,0,356.21633,COLEASF1
D,FPP,FORECAST_DEFAULT_CF,1,COLUMSF1,F_I+GFT_TG_R5,"2025/04/29 18:20:00","2025/05/04 00:00:00",1,RAISEREG,QLD1,-0.00553972,0,356.21633,COLUMSF1
D,FPP,FORECAST_DEFAULT_CF,1,COLWF01,F_I+GFT_TG_R5,"2025/04/29 18:20:00","2025/05/04 00:00:00",1,RAISEREG,NSW1,-0.00355787,0,356.21633,COLWF01
D,FPP,FORECAST_DEFAULT_CF,1,COOPGWF1,F_I+GFT_TG_R5,"2025/04/29 18:20:00","2025/05/04 00:00:00",1,RAISEREG,QLD1,-0.00742445,0,356.21633,COOPGWF1
D,FPP,FORECAST_DEFAULT_CF,1,CPP_3,F_I+GFT_TG_R5,"2025/04/29 18:20:00","2025/05/04 00:00:00",1,RAISEREG,QLD1,0.00000000,0,356.21633,CPP_3
D,FPP,FORECAST_DEFAULT_CF,1,CPP_4,F_I+GFT_TG_R5,"2025/04/29 18:20:00","2025/05/04 00:00:00",1,RAISEREG,QLD1,-0.00137543,0,356.21633,CPP_4
D,FPP,FORECAST_DEFAULT_CF,1,CPSA,F_I+GFT_TG_R5,"2025/04/29 18:20:00","2025/05/04 00:00:00",1,RAISEREG,QLD1,-0.00064402,0,356.21633,CPSA
D,FPP,FORECAST_DEFAULT_CF,1,CROOKWF2,F_I+GFT_TG_R5,"2025/04/29 18:20:00","2025/05/04 00:00:00",1,RAISEREG,NSW1,-0.00347230,0,356.21633,CROOKWF2
D,FPP,FORECAST_DEFAULT_CF,1,CROOKWF3,F_I+GFT_TG_R5,"2025/04/29 18:20:00","2025/05/04 00:00:00",1,RAISEREG,NSW1,-0.00224164,0,356.21633,CROOKWF3
D,FPP,FORECAST_DEFAULT_CF,1,CROWLWF1,F_I+GFT_TG_R5,"2025/04/29 18:20:00","2025/05/04 00:00:00",1,RAISEREG,VIC1,-0.00091015,0,356.21633,CROWLWF1
D,FPP,FORECAST_DEFAULT_CF,1,CRURWF1,F_I+GFT_TG_R5,"2025/04/29 18:20:00","2025/05/04 00:00:00",1,RAISEREG,NSW1,-0.00271363,0,356.21633,CRURWF1
D,FPP,FORECAST_DEFAULT_CF,1,CRWASF1,F_I+GFT_TG_R5,"2025/04/29 18:20:00","2025/05/04 00:00:00",1,RAISEREG,NSW1,-0.00050857,0,356.21633,CRWASF1
D,FPP,FORECAST_DEFAULT_CF,1,CSPVPS1,F_I+GFT_TG_R5,"2025/04/29 18:20:00","2025/05/04 00:00:00",1,RAISEREG,QLD1,-0.00206532,0,356.21633,CSPVPS1
D,FPP,FORECAST_DEFAULT_CF,1,CTHLWF1,F_I+GFT_TG_R5,"2025/04/29 18:20:00","2025/05/04 00:00:00",1,RAISEREG,TAS1,-0.00391574,0,356.21633,CTHLWF1
D,FPP,FORECAST_DEFAULT_CF,1,CULLRGWF,F_I+GFT_TG_R5,"2025/04/29 18:20:00","2025/05/04 00:00:00",1,RAISEREG,NSW1,-0.00060455,0,356.21633,CULLRGWF
D,FPP,FORECAST_DEFAULT_CF,1,DALNTH1,F_I+GFT_TG_R5,"2025/04/29 18:20:00","2025/05/04 00:00:00",1,RAISEREG,SA1,-0.00004671,0,356.21633,DALNTH1
D,FPP,FORECAST_DEFAULT_CF,1,DARLSF1,F_I+GFT_TG_R5,"2025/04/29 18:20:00","2025/05/04 00:00:00",1,RAISEREG,NSW1,-0.00220739,0,356.21633,DARLSF1
D,FPP,FORECAST_DEFAULT_CF,1,DARTM1,F_I+GFT_TG_R5,"2025/04/29 18:20:00","2025/05/04 00:00:00",1,RAISEREG,VIC1,-0.00271046,0,356.21633,DARTM1
D,FPP,FORECAST_DEFAULT_CF,1,DAYDSF1,F_I+GFT_TG_R5,"2025/04/29 18:20:00","2025/05/04 00:00:00",1,RAISEREG,QLD1,-0.00814295,0,356.21633,DAYDSF1
D,FPP,FORECAST_DEFAULT_CF,1,DDPS1,F_I+GFT_TG_R5,"2025/04/29 18:20:00","2025/05/04 00:00:00",1,RAISEREG,QLD1,-0.00094945,0,356.21633,DDPS1
D,FPP,FORECAST_DEFAULT_CF,1,DDSF1,F_I+GFT_TG_R5,"2025/04/29 18:20:00","2025/05/04 00:00:00",1,RAISEREG,QLD1,-0.00224041,0,356.21633,DDSF1
D,FPP,FORECAST_DEFAULT_CF,1,DEVILS_G,F_I+GFT_TG_R5,"2025/04/29 18:20:00","2025/05/04 00:00:00",1,RAISEREG,TAS1,-0.00013663,0,356.21633,DEVILS_G
D,FPP,FORECAST_DEFAULT_CF,1,DIAPURWF1,F_I+GFT_TG_R5,"2025/04/29 18:20:00","2025/05/04 00:00:00",1,RAISEREG,VIC1,-0.00034454,0,356.21633,DIAPURWF1
D,FPP,FORECAST_DEFAULT_CF,1,DPNTB1,F_I+GFT_TG_R5,"2025/04/29 18:20:00","2025/05/04 00:00:00",1,RAISEREG,NSW1,-0.00001822,0,356.21633,DPNTB1
D,FPP,FORECAST_DEFAULT_CF,1,DRYCGT1,F_I+GFT_TG_R5,"2025/04/29 18:20:00","2025/05/04 00:00:00",1,RAISEREG,SA1,-0.00014297,0,356.21633,DRYCGT1
D,FPP,FORECAST_DEFAULT_CF,1,DRYCGT2,F_I+GFT_TG_R5,"2025/04/29 18:20:00","2025/05/04 00:00:00",1,RAISEREG,SA1,-0.00015269,0,356.21633,DRYCGT2
D,FPP,FORECAST_DEFAULT_CF,1,DRYCGT3,F_I+GFT_TG_R5,"2025/04/29 18:20:00","2025/05/04 00:00:00",1,RAISEREG,SA1,-0.00033134,0,356.21633,DRYCGT3
D,FPP,FORECAST_DEFAULT_CF,1,DULAWF1,F_I+GFT_TG_R5,"2025/04/29 18:20:00","2025/05/04 00:00:00",1,RAISEREG,QLD1,-0.00360966,0,356.21633,DULAWF1
D,FPP,FORECAST_DEFAULT_CF,1,DUNDWF1,F_I+GFT_TG_R5,"2025/04/29 18:20:00","2025/05/04 00:00:00",1,RAISEREG,VIC1,-0.00222893,0,356.21633,DUNDWF1
D,FPP,FORECAST_DEFAULT_CF,1,DUNDWF2,F_I+GFT_TG_R5,"2025/04/29 18:20:00","2025/05/04 00:00:00",1,RAISEREG,VIC1,-0.00123220,0,356.21633,DUNDWF2
D,FPP,FORECAST_DEFAULT_CF,1,DUNDWF3,F_I+GFT_TG_R5,"2025/04/29 18:20:00","2025/05/04 00:00:00",1,RAISEREG,VIC1,-0.00289038,0,356.21633,DUNDWF3
D,FPP,FORECAST_DEFAULT_CF,1,EDENVSF1,F_I+GFT_TG_R5,"2025/04/29 18:20:00","2025/05/04 00:00:00",1,RAISEREG,QLD1,-0.00644372,0,356.21633,EDENVSF1
D,FPP,FORECAST_DEFAULT_CF,1,EILDON1,F_I+GFT_TG_R5,"2025/04/29 18:20:00","2025/05/04 00:00:00",1,RAISEREG,VIC1,-0.00074626,0,356.21633,EILDON1
D,FPP,FORECAST_DEFAULT_CF,1,EILDON2,F_I+GFT_TG_R5,"2025/04/29 18:20:00","2025/05/04 00:00:00",1,RAISEREG,VIC1,-0.00081858,0,356.21633,EILDON2
D,FPP,FORECAST_DEFAULT_CF,1,ELAINWF1,F_I+GFT_TG_R5,"2025/04/29 18:20:00","2025/05/04 00:00:00",1,RAISEREG,VIC1,-0.00140527,0,356.21633,ELAINWF1
D,FPP,FORECAST_DEFAULT_CF,1,EMERASF1,F_I+GFT_TG_R5,"2025/04/29 18:20:00","2025/05/04 00:00:00",1,RAISEREG,QLD1,-0.00232044,0,356.21633,EMERASF1
D,FPP,FORECAST_DEFAULT_CF,1,ER01,F_I+GFT_TG_R5,"2025/04/29 18:20:00","2025/05/04 00:00:00",1,RAISEREG,NSW1,-0.00122016,0,356.21633,ER01
D,FPP,FORECAST_DEFAULT_CF,1,ER02,F_I+GFT_TG_R5,"2025/04/29 18:20:00","2025/05/04 00:00:00",1,RAISEREG,NSW1,-0.00049838,0,356.21633,ER02
D,FPP,FORECAST_DEFAULT_CF,1,ER03,F_I+GFT_TG_R5,"2025/04/29 18:20:00","2025/05/04 00:00:00",1,RAISEREG,NSW1,-0.00082155,0,356.21633,ER03
D,FPP,FORECAST_DEFAULT_CF,1,ER04,F_I+GFT_TG_R5,"2025/04/29 18:20:00","2025/05/04 00:00:00",1,RAISEREG,NSW1,-0.00146908,0,356.21633,ER04
D,FPP,FORECAST_DEFAULT_CF,1,ERB01,F_I+GFT_TG_R5,"2025/04/29 18:20:00","2025/05/04 00:00:00",1,RAISEREG,NSW1,-0.00347317,0,356.21633,ERB01
D,FPP,FORECAST_DEFAULT_CF,1,ERGT01,F_I+GFT_TG_R5,"2025/04/29 18:20:00","2025/05/04 00:00:00",1,RAISEREG,NSW1,0.00000000,0,356.21633,ERGT01
D,FPP,FORECAST_DEFAULT_CF,1,FINLYSF1,F_I+GFT_TG_R5,"2025/04/29 18:20:00","2025/05/04 00:00:00",1,RAISEREG,NSW1,-0.00105517,0,356.21633,FINLYSF1
D,FPP,FORECAST_DEFAULT_CF,1,FISHER,F_I+GFT_TG_R5,"2025/04/29 18:20:00","2025/05/04 00:00:00",1,RAISEREG,TAS1,-0.00032744,0,356.21633,FISHER
D,FPP,FORECAST_DEFAULT_CF,1,FLYCRKWF,F_I+GFT_TG_R5,"2025/04/29 18:20:00","2025/05/04 00:00:00",1,RAISEREG,NSW1,-0.00227803,0,356.21633,FLYCRKWF
D,FPP,FORECAST_DEFAULT_CF,1,GANGARR1,F_I+GFT_TG_R5,"2025/04/29 18:20:00","2025/05/04 00:00:00",1,RAISEREG,QLD1,-0.00848614,0,356.21633,GANGARR1
D,FPP,FORECAST_DEFAULT_CF,1,GANNB1,F_I+GFT_TG_R5,"2025/04/29 18:20:00","2025/05/04 00:00:00",1,RAISEREG,VIC1,-0.00000070,0,356.21633,GANNB1
D,FPP,FORECAST_DEFAULT_CF,1,GANNSF1,F_I+GFT_TG_R5,"2025/04/29 18:20:00","2025/05/04 00:00:00",1,RAISEREG,VIC1,-0.00069626,0,356.21633,GANNSF1
D,FPP,FORECAST_DEFAULT_CF,1,GB01,F_I+GFT_TG_R5,"2025/04/29 18:20:00","2025/05/04 00:00:00",1,RAISEREG,NSW1,0.00000000,4,356.21633,GB01
D,FPP,FORECAST_DEFAULT_CF,1,GERMCRK,F_I+GFT_TG_R5,"2025/04/29 18:20:00","2025/05/04 00:00:00",1,RAISEREG,QLD1,-0.00030030,0,356.21633,GERMCRK
D,FPP,FORECAST_DEFAULT_CF,1,GIRGSF,F_I+GFT_TG_R5,"2025/04/29 18:20:00","2025/05/04 00:00:00",1,RAISEREG,VIC1,-0.00303397,0,356.21633,GIRGSF
D,FPP,FORECAST_DEFAULT_CF,1,GLENSF1,F_I+GFT_TG_R5,"2025/04/29 18:20:00","2025/05/04 00:00:00",1,RAISEREG,VIC1,-0.00375255,0,356.21633,GLENSF1
D,FPP,FORECAST_DEFAULT_CF,1,GLRWNSF1,F_I+GFT_TG_R5,"2025/04/29 18:20:00","2025/05/04 00:00:00",1,RAISEREG,VIC1,-0.00372218,0,356.21633,GLRWNSF1
D,FPP,FORECAST_DEFAULT_CF,1,GNNDHSF1,F_I+GFT_TG_R5,"2025/04/29 18:20:00","2025/05/04 00:00:00",1,RAISEREG,NSW1,-0.00255797,0,356.21633,GNNDHSF1
D,FPP,FORECAST_DEFAULT_CF,1,GOONSF1,F_I+GFT_TG_R5,"2025/04/29 18:20:00","2025/05/04 00:00:00",1,RAISEREG,NSW1,-0.00214140,0,356.21633,GOONSF1
D,FPP,FORECAST_DEFAULT_CF,1,GORDON,F_I+GFT_TG_R5,"2025/04/29 18:20:00","2025/05/04 00:00:00",1,RAISEREG,TAS1,-0.00220784,0,356.21633,GORDON
D,FPP,FORECAST_DEFAULT_CF,1,GPWFEST1,F_I+GFT_TG_R5,"2025/04/29 18:20:00","2025/05/04 00:00:00",1,RAISEREG,VIC1,-0.00240719,0,356.21633,GPWFEST1
D,FPP,FORECAST_DEFAULT_CF,1,GPWFEST2,F_I+GFT_TG_R5,"2025/04/29 18:20:00","2025/05/04 00:00:00",1,RAISEREG,VIC1,-0.00296845,0,356.21633,GPWFEST2
D,FPP,FORECAST_DEFAULT_CF,1,GPWFEST3,F_I+GFT_TG_R5,"2025/04/29 18:20:00","2025/05/04 00:00:00",1,RAISEREG,VIC1,0.00000000,0,356.21633,GPWFEST3
D,FPP,FORECAST_DEFAULT_CF,1,GRANWF1,F_I+GFT_TG_R5,"2025/04/29 18:20:00","2025/05/04 00:00:00",1,RAISEREG,TAS1,-0.00213466,0,356.21633,GRANWF1
D,FPP,FORECAST_DEFAULT_CF,1,GREENB1,F_I+GFT_TG_R5,"2025/04/29 18:20:00","2025/05/04 00:00:00",1,RAISEREG,QLD1,-0.01005223,0,356.21633,GREENB1
D,FPP,FORECAST_DEFAULT_CF,1,GRIFSF1,F_I+GFT_TG_R5,"2025/04/29 18:20:00","2025/05/04 00:00:00",1,RAISEREG,NSW1,-0.00059809,0,356.21633,GRIFSF1
D,FPP,FORECAST_DEFAULT_CF,1,GSTONE1,F_I+GFT_TG_R5,"2025/04/29 18:20:00","2025/05/04 00:00:00",1,RAISEREG,QLD1,-0.00034942,0,356.21633,GSTONE1
D,FPP,FORECAST_DEFAULT_CF,1,GSTONE2,F_I+GFT_TG_R5,"2025/04/29 18:20:00","2025/05/04 00:00:00",1,RAISEREG,QLD1,-0.00182417,0,356.21633,GSTONE2
D,FPP,FORECAST_DEFAULT_CF,1,GSTONE3,F_I+GFT_TG_R5,"2025/04/29 18:20:00","2025/05/04 00:00:00",1,RAISEREG,QLD1,-0.00093887,0,356.21633,GSTONE3
D,FPP,FORECAST_DEFAULT_CF,1,GSTONE4,F_I+GFT_TG_R5,"2025/04/29 18:20:00","2025/05/04 00:00:00",1,RAISEREG,QLD1,-0.00116452,0,356.21633,GSTONE4
D,FPP,FORECAST_DEFAULT_CF,1,GSTONE5,F_I+GFT_TG_R5,"2025/04/29 18:20:00","2025/05/04 00:00:00",1,RAISEREG,QLD1,-0.00122659,0,356.21633,GSTONE5
D,FPP,FORECAST_DEFAULT_CF,1,GSTONE6,F_I+GFT_TG_R5,"2025/04/29 18:20:00","2025/05/04 00:00:00",1,RAISEREG,QLD1,-0.00045430,0,356.21633,GSTONE6
D,FPP,FORECAST_DEFAULT_CF,1,GSWF1A,F_I+GFT_TG_R5,"2025/04/29 18:20:00","2025/05/04 00:00:00",1,RAISEREG,SA1,-0.00256866,0,356.21633,GSWF1A
D,FPP,FORECAST_DEFAULT_CF,1,GSWF1B1,F_I+GFT_TG_R5,"2025/04/29 18:20:00","2025/05/04 00:00:00",1,RAISEREG,SA1,-0.00108487,0,356.21633,GSWF1B1
D,FPP,FORECAST_DEFAULT_CF,1,GULLRSF1,F_I+GFT_TG_R5,"2025/04/29 18:20:00","2025/05/04 00:00:00",1,RAISEREG,NSW1,-0.00045357,0,356.21633,GULLRSF1
D,FPP,FORECAST_DEFAULT_CF,1,GULLRWF1,F_I+GFT_TG_R5,"2025/04/29 18:20:00","2025/05/04 00:00:00",1,RAISEREG,NSW1,-0.00537971,0,356.21633,GULLRWF1
D,FPP,FORECAST_DEFAULT_CF,1,GULLRWF2,F_I+GFT_TG_R5,"2025/04/29 18:20:00","2025/05/04 00:00:00",1,RAISEREG,NSW1,-0.00378680,0,356.21633,GULLRWF2
D,FPP,FORECAST_DEFAULT_CF,1,GUNNING1,F_I+GFT_TG_R5,"2025/04/29 18:20:00","2025/05/04 00:00:00",1,RAISEREG,NSW1,-0.00181468,0,356.21633,GUNNING1
D,FPP,FORECAST_DEFAULT_CF,1,GUTHEGA,F_I+GFT_TG_R5,"2025/04/29 18:20:00","2025/05/04 00:00:00",1,RAISEREG,NSW1,-0.00000553,0,356.21633,GUTHEGA
D,FPP,FORECAST_DEFAULT_CF,1,HALLWF1,F_I+GFT_TG_R5,"2025/04/29 18:20:00","2025/05/04 00:00:00",1,RAISEREG,SA1,-0.00117516,0,356.21633,HALLWF1
D,FPP,FORECAST_DEFAULT_CF,1,HALLWF2,F_I+GFT_TG_R5,"2025/04/29 18:20:00","2025/05/04 00:00:00",1,RAISEREG,SA1,-0.00122465,0,356.21633,HALLWF2
D,FPP,FORECAST_DEFAULT_CF,1,HAMISF1,F_I+GFT_TG_R5,"2025/04/29 18:20:00","2025/05/04 00:00:00",1,RAISEREG,QLD1,-0.00196754,0,356.21633,HAMISF1
D,FPP,FORECAST_DEFAULT_CF,1,HAUGHT11,F_I+GFT_TG_R5,"2025/04/29 18:20:00","2025/05/04 00:00:00",1,RAISEREG,QLD1,-0.00756532,0,356.21633,HAUGHT11
D,FPP,FORECAST_DEFAULT_CF,1,HAYMSF1,F_I+GFT_TG_R5,"2025/04/29 18:20:00","2025/05/04 00:00:00",1,RAISEREG,QLD1,-0.00314315,0,356.21633,HAYMSF1
D,FPP,FORECAST_DEFAULT_CF,1,HBESS1,F_I+GFT_TG_R5,"2025/04/29 18:20:00","2025/05/04 00:00:00",1,RAISEREG,VIC1,-0.00110834,0,356.21633,HBESS1
D,FPP,FORECAST_DEFAULT_CF,1,HD1WF1,F_I+GFT_TG_R5,"2025/04/29 18:20:00","2025/05/04 00:00:00",1,RAISEREG,VIC1,-0.00218797,0,356.21633,HD1WF1
D,FPP,FORECAST_DEFAULT_CF,1,HDWF1,F_I+GFT_TG_R5,"2025/04/29 18:20:00","2025/05/04 00:00:00",1,RAISEREG,SA1,-0.00160560,0,356.21633,HDWF1
D,FPP,FORECAST_DEFAULT_CF,1,HDWF2,F_I+GFT_TG_R5,"2025/04/29 18:20:00","2025/05/04 00:00:00",1,RAISEREG,SA1,-0.00168389,0,356.21633,HDWF2
D,FPP,FORECAST_DEFAULT_CF,1,HDWF3,F_I+GFT_TG_R5,"2025/04/29 18:20:00","2025/05/04 00:00:00",1,RAISEREG,SA1,-0.00166640,0,356.21633,HDWF3
D,FPP,FORECAST_DEFAULT_CF,1,HEZ1,F_I+GFT_TG_R5,"2025/04/29 18:20:00","2025/05/04 00:00:00",1,RAISEREG,NSW1,-0.00001858,0,356.21633,HEZ1
D,FPP,FORECAST_DEFAULT_CF,1,HILLSTN1,F_I+GFT_TG_R5,"2025/04/29 18:20:00","2025/05/04 00:00:00",1,RAISEREG,NSW1,-0.00356856,0,356.21633,HILLSTN1
D,FPP,FORECAST_DEFAULT_CF,1,HPR1,F_I+GFT_TG_R5,"2025/04/29 18:20:00","2025/05/04 00:00:00",1,RAISEREG,SA1,-0.00013169,0,356.21633,HPR1
D,FPP,FORECAST_DEFAULT_CF,1,HUGSF1,F_I+GFT_TG_R5,"2025/04/29 18:20:00","2025/05/04 00:00:00",1,RAISEREG,QLD1,-0.00026529,0,356.21633,HUGSF1
D,FPP,FORECAST_DEFAULT_CF,1,HUMENSW,F_I+GFT_TG_R5,"2025/04/29 18:20:00","2025/05/04 00:00:00",1,RAISEREG,NSW1,-0.00055851,0,356.21633,HUMENSW
D,FPP,FORECAST_DEFAULT_CF,1,HUMEV,F_I+GFT_TG_R5,"2025/04/29 18:20:00","2025/05/04 00:00:00",1,RAISEREG,VIC1,0.00000000,0,356.21633,HUMEV
D,FPP,FORECAST_DEFAULT_CF,1,HUNTER1,F_I+GFT_TG_R5,"2025/04/29 18:20:00","2025/05/04 00:00:00",1,RAISEREG,NSW1,0.00000000,0,356.21633,HUNTER1
D,FPP,FORECAST_DEFAULT_CF,1,HUNTER2,F_I+GFT_TG_R5,"2025/04/29 18:20:00","2025/05/04 00:00:00",1,RAISEREG,NSW1,0.00000000,0,356.21633,HUNTER2
D,FPP,FORECAST_DEFAULT_CF,1,HVWWBA1,F_I+GFT_TG_R5,"2025/04/29 18:20:00","2025/05/04 00:00:00",1,RAISEREG,SA1,-0.00010550,0,356.21633,HVWWBA1
D,FPP,FORECAST_DEFAULT_CF,1,HVWWPV1,F_I+GFT_TG_R5,"2025/04/29 18:20:00","2025/05/04 00:00:00",1,RAISEREG,SA1,-0.00009724,0,356.21633,HVWWPV1
D,FPP,FORECAST_DEFAULT_CF,1,INVICTA,F_I+GFT_TG_R5,"2025/04/29 18:20:00","2025/05/04 00:00:00",1,RAISEREG,QLD1,0.00000000,0,356.21633,INVICTA
D,FPP,FORECAST_DEFAULT_CF,1,JBUTTERS,F_I+GFT_TG_R5,"2025/04/29 18:20:00","2025/05/04 00:00:00",1,RAISEREG,TAS1,-0.00897107,0,356.21633,JBUTTERS
D,FPP,FORECAST_DEFAULT_CF,1,JEMALNG1,F_I+GFT_TG_R5,"2025/04/29 18:20:00","2025/05/04 00:00:00",1,RAISEREG,NSW1,-0.00158808,0,356.21633,JEMALNG1
D,FPP,FORECAST_DEFAULT_CF,1,JLA01,F_I+GFT_TG_R5,"2025/04/29 18:20:00","2025/05/04 00:00:00",1,RAISEREG,VIC1,0.00000000,0,356.21633,JLA01
D,FPP,FORECAST_DEFAULT_CF,1,JLA02,F_I+GFT_TG_R5,"2025/04/29 18:20:00","2025/05/04 00:00:00",1,RAISEREG,VIC1,0.00000000,0,356.21633,JLA02
D,FPP,FORECAST_DEFAULT_CF,1,JLA03,F_I+GFT_TG_R5,"2025/04/29 18:20:00","2025/05/04 00:00:00",1,RAISEREG,VIC1,0.00000000,0,356.21633,JLA03
D,FPP,FORECAST_DEFAULT_CF,1,JLA04,F_I+GFT_TG_R5,"2025/04/29 18:20:00","2025/05/04 00:00:00",1,RAISEREG,VIC1,0.00000000,0,356.21633,JLA04
D,FPP,FORECAST_DEFAULT_CF,1,JLB01,F_I+GFT_TG_R5,"2025/04/29 18:20:00","2025/05/04 00:00:00",1,RAISEREG,VIC1,0.00000000,0,356.21633,JLB01
D,FPP,FORECAST_DEFAULT_CF,1,JLB02,F_I+GFT_TG_R5,"2025/04/29 18:20:00","2025/05/04 00:00:00",1,RAISEREG,VIC1,0.00000000,0,356.21633,JLB02
D,FPP,FORECAST_DEFAULT_CF,1,JLB03,F_I+GFT_TG_R5,"2025/04/29 18:20:00","2025/05/04 00:00:00",1,RAISEREG,VIC1,0.00000000,0,356.21633,JLB03
D,FPP,FORECAST_DEFAULT_CF,1,JOUNAMA1,F_I+GFT_TG_R5,"2025/04/29 18:20:00","2025/05/04 00:00:00",1,RAISEREG,NSW1,-0.00009469,0,356.21633,JOUNAMA1
D,FPP,FORECAST_DEFAULT_CF,1,JUNEESF1,F_I+GFT_TG_R5,"2025/04/29 18:20:00","2025/05/04 00:00:00",1,RAISEREG,NSW1,-0.00156638,0,356.21633,JUNEESF1
D,FPP,FORECAST_DEFAULT_CF,1,KABANWF1,F_I+GFT_TG_R5,"2025/04/29 18:20:00","2025/05/04 00:00:00",1,RAISEREG,QLD1,-0.00564853,0,356.21633,KABANWF1
D,FPP,FORECAST_DEFAULT_CF,1,KAREEYA1,F_I+GFT_TG_R5,"2025/04/29 18:20:00","2025/05/04 00:00:00",1,RAISEREG,QLD1,-0.00102351,0,356.21633,KAREEYA1
D,FPP,FORECAST_DEFAULT_CF,1,KAREEYA2,F_I+GFT_TG_R5,"2025/04/29 18:20:00","2025/05/04 00:00:00",1,RAISEREG,QLD1,-0.00114394,0,356.21633,KAREEYA2
D,FPP,FORECAST_DEFAULT_CF,1,KAREEYA3,F_I+GFT_TG_R5,"2025/04/29 18:20:00","2025/05/04 00:00:00",1,RAISEREG,QLD1,-0.00112580,0,356.21633,KAREEYA3
D,FPP,FORECAST_DEFAULT_CF,1,KAREEYA4,F_I+GFT_TG_R5,"2025/04/29 18:20:00","2025/05/04 00:00:00",1,RAISEREG,QLD1,-0.00130755,0,356.21633,KAREEYA4
D,FPP,FORECAST_DEFAULT_CF,1,KAREEYA5,F_I+GFT_TG_R5,"2025/04/29 18:20:00","2025/05/04 00:00:00",1,RAISEREG,QLD1,-0.00001137,0,356.21633,KAREEYA5
D,FPP,FORECAST_DEFAULT_CF,1,KARSF1,F_I+GFT_TG_R5,"2025/04/29 18:20:00","2025/05/04 00:00:00",1,RAISEREG,VIC1,-0.00101318,0,356.21633,KARSF1
D,FPP,FORECAST_DEFAULT_CF,1,KEPBG1,F_I+GFT_TG_R5,"2025/04/29 18:20:00","2025/05/04 00:00:00",1,RAISEREG,QLD1,-0.00000463,0,356.21633,KEPBG1
D,FPP,FORECAST_DEFAULT_CF,1,KEPBL1,F_I+GFT_TG_R5,"2025/04/29 18:20:00","2025/05/04 00:00:00",1,RAISEREG,QLD1,-0.00004031,0,356.21633,KEPBL1
D,FPP,FORECAST_DEFAULT_CF,1,KEPSF1,F_I+GFT_TG_R5,"2025/04/29 18:20:00","2025/05/04 00:00:00",1,RAISEREG,QLD1,-0.00702764,2,356.21633,KEPSF1
D,FPP,FORECAST_DEFAULT_CF,1,KEPWF1,F_I+GFT_TG_R5,"2025/04/29 18:20:00","2025/05/04 00:00:00",1,RAISEREG,QLD1,0.00000000,1,356.21633,KEPWF1
D,FPP,FORECAST_DEFAULT_CF,1,KERNGSP1,F_I+GFT_TG_R5,"2025/04/29 18:20:00","2025/05/04 00:00:00",1,RAISEREG,VIC1,-0.00013916,0,356.21633,KERNGSP1
D,FPP,FORECAST_DEFAULT_CF,1,KESSB1,F_I+GFT_TG_R5,"2025/04/29 18:20:00","2025/05/04 00:00:00",1,RAISEREG,VIC1,-0.00041259,0,356.21633,KESSB1
D,FPP,FORECAST_DEFAULT_CF,1,KIAMSF1,F_I+GFT_TG_R5,"2025/04/29 18:20:00","2025/05/04 00:00:00",1,RAISEREG,VIC1,-0.00033550,0,356.21633,KIAMSF1
D,FPP,FORECAST_DEFAULT_CF,1,KIATAWF1,F_I+GFT_TG_R5,"2025/04/29 18:20:00","2025/05/04 00:00:00",1,RAISEREG,VIC1,-0.00048993,0,356.21633,KIATAWF1
D,FPP,FORECAST_DEFAULT_CF,1,KINGASF1,F_I+GFT_TG_R5,"2025/04/29 18:20:00","2025/05/04 00:00:00",1,RAISEREG,QLD1,-0.00273991,0,356.21633,KINGASF1
D,FPP,FORECAST_DEFAULT_CF,1,KPP_1,F_I+GFT_TG_R5,"2025/04/29 18:20:00","2025/05/04 00:00:00",1,RAISEREG,QLD1,-0.00030114,0,356.21633,KPP_1
D,FPP,FORECAST_DEFAULT_CF,1,KSP1,F_I+GFT_TG_R5,"2025/04/29 18:20:00","2025/05/04 00:00:00",1,RAISEREG,QLD1,-0.00233925,0,356.21633,KSP1
D,FPP,FORECAST_DEFAULT_CF,1,LADBROK1,F_I+GFT_TG_R5,"2025/04/29 18:20:00","2025/05/04 00:00:00",1,RAISEREG,SA1,-0.00029134,0,356.21633,LADBROK1
D,FPP,FORECAST_DEFAULT_CF,1,LADBROK2,F_I+GFT_TG_R5,"2025/04/29 18:20:00","2025/05/04 00:00:00",1,RAISEREG,SA1,0.00000000,0,356.21633,LADBROK2
D,FPP,FORECAST_DEFAULT_CF,1,LBB1,F_I+GFT_TG_R5,"2025/04/29 18:20:00","2025/05/04 00:00:00",1,RAISEREG,SA1,-0.00073478,0,356.21633,LBB1
D,FPP,FORECAST_DEFAULT_CF,1,LEM_WIL,F_I+GFT_TG_R5,"2025/04/29 18:20:00","2025/05/04 00:00:00",1,RAISEREG,TAS1,-0.00013464,0,356.21633,LEM_WIL
D,FPP,FORECAST_DEFAULT_CF,1,LGAPWF1,F_I+GFT_TG_R5,"2025/04/29 18:20:00","2025/05/04 00:00:00",1,RAISEREG,SA1,-0.00163788,0,356.21633,LGAPWF1
D,FPP,FORECAST_DEFAULT_CF,1,LGAPWF2,F_I+GFT_TG_R5,"2025/04/29 18:20:00","2025/05/04 00:00:00",1,RAISEREG,SA1,-0.00180329,0,356.21633,LGAPWF2
D,FPP,FORECAST_DEFAULT_CF,1,LI_WY_CA,F_I+GFT_TG_R5,"2025/04/29 18:20:00","2025/05/04 00:00:00",1,RAISEREG,TAS1,-0.00017635,0,356.21633,LI_WY_CA
D,FPP,FORECAST_DEFAULT_CF,1,LILYSF1,F_I+GFT_TG_R5,"2025/04/29 18:20:00","2025/05/04 00:00:00",1,RAISEREG,QLD1,-0.00400709,0,356.21633,LILYSF1
D,FPP,FORECAST_DEFAULT_CF,1,LIMOSF11,F_I+GFT_TG_R5,"2025/04/29 18:20:00","2025/05/04 00:00:00",1,RAISEREG,NSW1,-0.01374496,0,356.21633,LIMOSF11
D,FPP,FORECAST_DEFAULT_CF,1,LIMOSF21,F_I+GFT_TG_R5,"2025/04/29 18:20:00","2025/05/04 00:00:00",1,RAISEREG,NSW1,-0.00040989,0,356.21633,LIMOSF21
D,FPP,FORECAST_DEFAULT_CF,1,LK_ECHO,F_I+GFT_TG_R5,"2025/04/29 18:20:00","2025/05/04 00:00:00",1,RAISEREG,TAS1,-0.00160338,0,356.21633,LK_ECHO
D,FPP,FORECAST_DEFAULT_CF,1,LKBONNY1,F_I+GFT_TG_R5,"2025/04/29 18:20:00","2025/05/04 00:00:00",1,RAISEREG,SA1,-0.00131656,0,356.21633,LKBONNY1
D,FPP,FORECAST_DEFAULT_CF,1,LKBONNY2,F_I+GFT_TG_R5,"2025/04/29 18:20:00","2025/05/04 00:00:00",1,RAISEREG,SA1,-0.00218322,0,356.21633,LKBONNY2
D,FPP,FORECAST_DEFAULT_CF,1,LKBONNY3,F_I+GFT_TG_R5,"2025/04/29 18:20:00","2025/05/04 00:00:00",1,RAISEREG,SA1,-0.00043903,0,356.21633,LKBONNY3
D,FPP,FORECAST_DEFAULT_CF,1,LNGS1,F_I+GFT_TG_R5,"2025/04/29 18:20:00","2025/05/04 00:00:00",1,RAISEREG,VIC1,0.00000000,0,356.21633,LNGS1
D,FPP,FORECAST_DEFAULT_CF,1,LNGS2,F_I+GFT_TG_R5,"2025/04/29 18:20:00","2025/05/04 00:00:00",1,RAISEREG,VIC1,0.00000000,0,356.21633,LNGS2
D,FPP,FORECAST_DEFAULT_CF,1,LONSDALE,F_I+GFT_TG_R5,"2025/04/29 18:20:00","2025/05/04 00:00:00",1,RAISEREG,SA1,-0.00000014,0,356.21633,LONSDALE
D,FPP,FORECAST_DEFAULT_CF,1,LOYYB1,F_I+GFT_TG_R5,"2025/04/29 18:20:00","2025/05/04 00:00:00",1,RAISEREG,VIC1,-0.00146512,0,356.21633,LOYYB1
D,FPP,FORECAST_DEFAULT_CF,1,LOYYB2,F_I+GFT_TG_R5,"2025/04/29 18:20:00","2025/05/04 00:00:00",1,RAISEREG,VIC1,-0.00019154,0,356.21633,LOYYB2
D,FPP,FORECAST_DEFAULT_CF,1,LRSF1,F_I+GFT_TG_R5,"2025/04/29 18:20:00","2025/05/04 00:00:00",1,RAISEREG,QLD1,-0.00102623,0,356.21633,LRSF1
D,FPP,FORECAST_DEFAULT_CF,1,LVES1,F_I+GFT_TG_R5,"2025/04/29 18:20:00","2025/05/04 00:00:00",1,RAISEREG,VIC1,-0.00091231,0,356.21633,LVES1
D,FPP,FORECAST_DEFAULT_CF,1,LYA1,F_I+GFT_TG_R5,"2025/04/29 18:20:00","2025/05/04 00:00:00",1,RAISEREG,VIC1,-0.00026169,0,356.21633,LYA1
D,FPP,FORECAST_DEFAULT_CF,1,LYA2,F_I+GFT_TG_R5,"2025/04/29 18:20:00","2025/05/04 00:00:00",1,RAISEREG,VIC1,-0.00112690,0,356.21633,LYA2
D,FPP,FORECAST_DEFAULT_CF,1,LYA3,F_I+GFT_TG_R5,"2025/04/29 18:20:00","2025/05/04 00:00:00",1,RAISEREG,VIC1,-0.00038757,0,356.21633,LYA3
D,FPP,FORECAST_DEFAULT_CF,1,LYA4,F_I+GFT_TG_R5,"2025/04/29 18:20:00","2025/05/04 00:00:00",1,RAISEREG,VIC1,0.00000000,0,356.21633,LYA4
D,FPP,FORECAST_DEFAULT_CF,1,MACARTH1,F_I+GFT_TG_R5,"2025/04/29 18:20:00","2025/05/04 00:00:00",1,RAISEREG,VIC1,0.00000000,4,356.21633,MACARTH1
D,FPP,FORECAST_DEFAULT_CF,1,MACKNTSH,F_I+GFT_TG_R5,"2025/04/29 18:20:00","2025/05/04 00:00:00",1,RAISEREG,TAS1,-0.00028365,0,356.21633,MACKNTSH
D,FPP,FORECAST_DEFAULT_CF,1,MANNSF2,F_I+GFT_TG_R5,"2025/04/29 18:20:00","2025/05/04 00:00:00",1,RAISEREG,SA1,-0.00082624,0,356.21633,MANNSF2
D,FPP,FORECAST_DEFAULT_CF,1,MANSLR1,F_I+GFT_TG_R5,"2025/04/29 18:20:00","2025/05/04 00:00:00",1,RAISEREG,NSW1,-0.00127094,0,356.21633,MANSLR1
D,FPP,FORECAST_DEFAULT_CF,1,MAPS2PV1,F_I+GFT_TG_R5,"2025/04/29 18:20:00","2025/05/04 00:00:00",1,RAISEREG,SA1,-0.00024544,0,356.21633,MAPS2PV1
D,FPP,FORECAST_DEFAULT_CF,1,MAPS3PV1,F_I+GFT_TG_R5,"2025/04/29 18:20:00","2025/05/04 00:00:00",1,RAISEREG,SA1,0.00000000,0,356.21633,MAPS3PV1
D,FPP,FORECAST_DEFAULT_CF,1,MARYRSF1,F_I+GFT_TG_R5,"2025/04/29 18:20:00","2025/05/04 00:00:00",1,RAISEREG,QLD1,-0.00172940,0,356.21633,MARYRSF1
D,FPP,FORECAST_DEFAULT_CF,1,MBAHNTH,F_I+GFT_TG_R5,"2025/04/29 18:20:00","2025/05/04 00:00:00",1,RAISEREG,QLD1,-0.00037233,0,356.21633,MBAHNTH
D,FPP,FORECAST_DEFAULT_CF,1,MBPS2PV1,F_I+GFT_TG_R5,"2025/04/29 18:20:00","2025/05/04 00:00:00",1,RAISEREG,SA1,-0.00008722,0,356.21633,MBPS2PV1
D,FPP,FORECAST_DEFAULT_CF,1,MCINTYR1,F_I+GFT_TG_R5,"2025/04/29 18:20:00","2025/05/04 00:00:00",1,RAISEREG,QLD1,-0.01409714,0,356.21633,MCINTYR1
D,FPP,FORECAST_DEFAULT_CF,1,MCKAY1,F_I+GFT_TG_R5,"2025/04/29 18:20:00","2025/05/04 00:00:00",1,RAISEREG,VIC1,0.00000000,0,356.21633,MCKAY1
D,FPP,FORECAST_DEFAULT_CF,1,MEADOWBK,F_I+GFT_TG_R5,"2025/04/29 18:20:00","2025/05/04 00:00:00",1,RAISEREG,TAS1,-0.00020931,0,356.21633,MEADOWBK
D,FPP,FORECAST_DEFAULT_CF,1,MERCER01,F_I+GFT_TG_R5,"2025/04/29 18:20:00","2025/05/04 00:00:00",1,RAISEREG,VIC1,-0.00213876,0,356.21633,MERCER01
D,FPP,FORECAST_DEFAULT_CF,1,METZSF1,F_I+GFT_TG_R5,"2025/04/29 18:20:00","2025/05/04 00:00:00",1,RAISEREG,NSW1,-0.00369652,0,356.21633,METZSF1
D,FPP,FORECAST_DEFAULT_CF,1,MEWF1,F_I+GFT_TG_R5,"2025/04/29 18:20:00","2025/05/04 00:00:00",1,RAISEREG,QLD1,-0.00359596,0,356.21633,MEWF1
D,FPP,FORECAST_DEFAULT_CF,1,MIDDLSF1,F_I+GFT_TG_R5,"2025/04/29 18:20:00","2025/05/04 00:00:00",1,RAISEREG,QLD1,-0.00125859,0,356.21633,MIDDLSF1
D,FPP,FORECAST_DEFAULT_CF,1,MINTARO,F_I+GFT_TG_R5,"2025/04/29 18:20:00","2025/05/04 00:00:00",1,RAISEREG,SA1,0.00000000,0,356.21633,MINTARO
D,FPP,FORECAST_DEFAULT_CF,1,MLSP1,F_I+GFT_TG_R5,"2025/04/29 18:20:00","2025/05/04 00:00:00",1,RAISEREG,NSW1,-0.00030622,0,356.21633,MLSP1
D,FPP,FORECAST_DEFAULT_CF,1,MLWF1,F_I+GFT_TG_R5,"2025/04/29 18:20:00","2025/05/04 00:00:00",1,RAISEREG,VIC1,-0.00043813,0,356.21633,MLWF1
D,FPP,FORECAST_DEFAULT_CF,1,MOKOSF1,F_I+GFT_TG_R5,"2025/04/29 18:20:00","2025/05/04 00:00:00",1,RAISEREG,VIC1,-0.00182560,0,356.21633,MOKOSF1
D,FPP,FORECAST_DEFAULT_CF,1,MOLNGSF1,F_I+GFT_TG_R5,"2025/04/29 18:20:00","2025/05/04 00:00:00",1,RAISEREG,NSW1,-0.00049231,0,356.21633,MOLNGSF1
D,FPP,FORECAST_DEFAULT_CF,1,MOORAWF1,F_I+GFT_TG_R5,"2025/04/29 18:20:00","2025/05/04 00:00:00",1,RAISEREG,VIC1,-0.00498815,0,356.21633,MOORAWF1
D,FPP,FORECAST_DEFAULT_CF,1,MOREESF1,F_I+GFT_TG_R5,"2025/04/29 18:20:00","2025/05/04 00:00:00",1,RAISEREG,NSW1,-0.00153890,0,356.21633,MOREESF1
D,FPP,FORECAST_DEFAULT_CF,1,MORTLK11,F_I+GFT_TG_R5,"2025/04/29 18:20:00","2025/05/04 00:00:00",1,RAISEREG,VIC1,0.00000000,0,356.21633,MORTLK11
D,FPP,FORECAST_DEFAULT_CF,1,MORTLK12,F_I+GFT_TG_R5,"2025/04/29 18:20:00","2025/05/04 00:00:00",1,RAISEREG,VIC1,-0.00004121,0,356.21633,MORTLK12
D,FPP,FORECAST_DEFAULT_CF,1,MOUSF1,F_I+GFT_TG_R5,"2025/04/29 18:20:00","2025/05/04 00:00:00",1,RAISEREG,QLD1,-0.00488557,0,356.21633,MOUSF1
D,FPP,FORECAST_DEFAULT_CF,1,MP1,F_I+GFT_TG_R5,"2025/04/29 18:20:00","2025/05/04 00:00:00",1,RAISEREG,NSW1,0.00000000,0,356.21633,MP1
D,FPP,FORECAST_DEFAULT_CF,1,MP2,F_I+GFT_TG_R5,"2025/04/29 18:20:00","2025/05/04 00:00:00",1,RAISEREG,NSW1,0.00000000,0,356.21633,MP2
D,FPP,FORECAST_DEFAULT_CF,1,MPP_1,F_I+GFT_TG_R5,"2025/04/29 18:20:00","2025/05/04 00:00:00",1,RAISEREG,QLD1,-0.00122518,0,356.21633,MPP_1
D,FPP,FORECAST_DEFAULT_CF,1,MPP_2,F_I+GFT_TG_R5,"2025/04/29 18:20:00","2025/05/04 00:00:00",1,RAISEREG,QLD1,0.00000000,0,356.21633,MPP_2
D,FPP,FORECAST_DEFAULT_CF,1,MRTLSWF1,F_I+GFT_TG_R5,"2025/04/29 18:20:00","2025/05/04 00:00:00",1,RAISEREG,VIC1,-0.00624410,0,356.21633,MRTLSWF1
D,FPP,FORECAST_DEFAULT_CF,1,MSTUART1,F_I+GFT_TG_R5,"2025/04/29 18:20:00","2025/05/04 00:00:00",1,RAISEREG,QLD1,0.00000000,0,356.21633,MSTUART1
D,FPP,FORECAST_DEFAULT_CF,1,MSTUART2,F_I+GFT_TG_R5,"2025/04/29 18:20:00","2025/05/04 00:00:00",1,RAISEREG,QLD1,0.00000000,0,356.21633,MSTUART2
D,FPP,FORECAST_DEFAULT_CF,1,MSTUART3,F_I+GFT_TG_R5,"2025/04/29 18:20:00","2025/05/04 00:00:00",1,RAISEREG,QLD1,0.00000000,0,356.21633,MSTUART3
D,FPP,FORECAST_DEFAULT_CF,1,MTGELWF1,F_I+GFT_TG_R5,"2025/04/29 18:20:00","2025/05/04 00:00:00",1,RAISEREG,VIC1,-0.00155448,0,356.21633,MTGELWF1
D,FPP,FORECAST_DEFAULT_CF,1,MTMILLAR,F_I+GFT_TG_R5,"2025/04/29 18:20:00","2025/05/04 00:00:00",1,RAISEREG,SA1,-0.00124110,0,356.21633,MTMILLAR
D,FPP,FORECAST_DEFAULT_CF,1,MURRAY,F_I+GFT_TG_R5,"2025/04/29 18:20:00","2025/05/04 00:00:00",1,RAISEREG,VIC1,-0.00157009,0,356.21633,MURRAY
D,FPP,FORECAST_DEFAULT_CF,1,MUSSELR1,F_I+GFT_TG_R5,"2025/04/29 18:20:00","2025/05/04 00:00:00",1,RAISEREG,TAS1,-0.00598555,0,356.21633,MUSSELR1
D,FPP,FORECAST_DEFAULT_CF,1,MUWAWF1,F_I+GFT_TG_R5,"2025/04/29 18:20:00","2025/05/04 00:00:00",1,RAISEREG,VIC1,-0.00362844,0,356.21633,MUWAWF1
D,FPP,FORECAST_DEFAULT_CF,1,MUWAWF2,F_I+GFT_TG_R5,"2025/04/29 18:20:00","2025/05/04 00:00:00",1,RAISEREG,VIC1,-0.00356584,0,356.21633,MUWAWF2
D,FPP,FORECAST_DEFAULT_CF,1,MWPS1PV1,F_I+GFT_TG_R5,"2025/04/29 18:20:00","2025/05/04 00:00:00",1,RAISEREG,SA1,-0.00010390,0,356.21633,MWPS1PV1
D,FPP,FORECAST_DEFAULT_CF,1,MWPS2PV1,F_I+GFT_TG_R5,"2025/04/29 18:20:00","2025/05/04 00:00:00",1,RAISEREG,SA1,-0.00013413,0,356.21633,MWPS2PV1
D,FPP,FORECAST_DEFAULT_CF,1,MWPS3PV1,F_I+GFT_TG_R5,"2025/04/29 18:20:00","2025/05/04 00:00:00",1,RAISEREG,SA1,-0.00010510,0,356.21633,MWPS3PV1
D,FPP,FORECAST_DEFAULT_CF,1,MWPS4PV1,F_I+GFT_TG_R5,"2025/04/29 18:20:00","2025/05/04 00:00:00",1,RAISEREG,SA1,-0.00010457,0,356.21633,MWPS4PV1
D,FPP,FORECAST_DEFAULT_CF,1,NBHWF1,F_I+GFT_TG_R5,"2025/04/29 18:20:00","2025/05/04 00:00:00",1,RAISEREG,SA1,-0.00173673,0,356.21633,NBHWF1
D,FPP,FORECAST_DEFAULT_CF,1,NEVERSF1,F_I+GFT_TG_R5,"2025/04/29 18:20:00","2025/05/04 00:00:00",1,RAISEREG,NSW1,-0.00586677,0,356.21633,NEVERSF1
D,FPP,FORECAST_DEFAULT_CF,1,NEWENSF1,F_I+GFT_TG_R5,"2025/04/29 18:20:00","2025/05/04 00:00:00",1,RAISEREG,NSW1,-0.00764409,0,356.21633,NEWENSF1
D,FPP,FORECAST_DEFAULT_CF,1,NEWENSF2,F_I+GFT_TG_R5,"2025/04/29 18:20:00","2025/05/04 00:00:00",1,RAISEREG,NSW1,-0.00812995,0,356.21633,NEWENSF2
D,FPP,FORECAST_DEFAULT_CF,1,NPS,F_I+GFT_TG_R5,"2025/04/29 18:20:00","2025/05/04 00:00:00",1,RAISEREG,VIC1,0.00000000,0,356.21633,NPS
D,FPP,FORECAST_DEFAULT_CF,1,NUMURSF1,F_I+GFT_TG_R5,"2025/04/29 18:20:00","2025/05/04 00:00:00",1,RAISEREG,VIC1,-0.00313248,0,356.21633,NUMURSF1
D,FPP,FORECAST_DEFAULT_CF,1,NYNGAN1,F_I+GFT_TG_R5,"2025/04/29 18:20:00","2025/05/04 00:00:00",1,RAISEREG,NSW1,-0.00396562,0,356.21633,NYNGAN1
D,FPP,FORECAST_DEFAULT_CF,1,OAKEY1,F_I+GFT_TG_R5,"2025/04/29 18:20:00","2025/05/04 00:00:00",1,RAISEREG,QLD1,-0.00015951,0,356.21633,OAKEY1
D,FPP,FORECAST_DEFAULT_CF,1,OAKEY1SF,F_I+GFT_TG_R5,"2025/04/29 18:20:00","2025/05/04 00:00:00",1,RAISEREG,QLD1,-0.00114546,0,356.21633,OAKEY1SF
D,FPP,FORECAST_DEFAULT_CF,1,OAKEY2,F_I+GFT_TG_R5,"2025/04/29 18:20:00","2025/05/04 00:00:00",1,RAISEREG,QLD1,-0.00013281,0,356.21633,OAKEY2
D,FPP,FORECAST_DEFAULT_CF,1,OAKEY2SF,F_I+GFT_TG_R5,"2025/04/29 18:20:00","2025/05/04 00:00:00",1,RAISEREG,QLD1,-0.00322871,0,356.21633,OAKEY2SF
D,FPP,FORECAST_DEFAULT_CF,1,OAKLAND1,F_I+GFT_TG_R5,"2025/04/29 18:20:00","2025/05/04 00:00:00",1,RAISEREG,VIC1,-0.00116940,0,356.21633,OAKLAND1
D,FPP,FORECAST_DEFAULT_CF,1,OSB-AG,F_I+GFT_TG_R5,"2025/04/29 18:20:00","2025/05/04 00:00:00",1,RAISEREG,SA1,-0.00039209,0,356.21633,OSB-AG
D,FPP,FORECAST_DEFAULT_CF,1,PALOONA,F_I+GFT_TG_R5,"2025/04/29 18:20:00","2025/05/04 00:00:00",1,RAISEREG,TAS1,-0.00005224,0,356.21633,PALOONA
D,FPP,FORECAST_DEFAULT_CF,1,PAREPS1,F_I+GFT_TG_R5,"2025/04/29 18:20:00","2025/05/04 00:00:00",1,RAISEREG,SA1,-0.00422038,2,356.21633,PAREPS1
D,FPP,FORECAST_DEFAULT_CF,1,PAREPW1,F_I+GFT_TG_R5,"2025/04/29 18:20:00","2025/05/04 00:00:00",1,RAISEREG,SA1,0.00000000,1,356.21633,PAREPW1
D,FPP,FORECAST_DEFAULT_CF,1,PARSF1,F_I+GFT_TG_R5,"2025/04/29 18:20:00","2025/05/04 00:00:00",1,RAISEREG,NSW1,-0.00272772,0,356.21633,PARSF1
D,FPP,FORECAST_DEFAULT_CF,1,PIBESS1,F_I+GFT_TG_R5,"2025/04/29 18:20:00","2025/05/04 00:00:00",1,RAISEREG,VIC1,-0.00012860,0,356.21633,PIBESS1
D,FPP,FORECAST_DEFAULT_CF,1,POAT110,F_I+GFT_TG_R5,"2025/04/29 18:20:00","2025/05/04 00:00:00",1,RAISEREG,TAS1,-0.00014407,0,356.21633,POAT110
D,FPP,FORECAST_DEFAULT_CF,1,POAT220,F_I+GFT_TG_R5,"2025/04/29 18:20:00","2025/05/04 00:00:00",1,RAISEREG,TAS1,-0.00079606,0,356.21633,POAT220
D,FPP,FORECAST_DEFAULT_CF,1,POR01,F_I+GFT_TG_R5,"2025/04/29 18:20:00","2025/05/04 00:00:00",1,RAISEREG,SA1,0.00000000,0,356.21633,POR01
D,FPP,FORECAST_DEFAULT_CF,1,POR03,F_I+GFT_TG_R5,"2025/04/29 18:20:00","2025/05/04 00:00:00",1,RAISEREG,SA1,0.00000000,0,356.21633,POR03
D,FPP,FORECAST_DEFAULT_CF,1,PPCCGT,F_I+GFT_TG_R5,"2025/04/29 18:20:00","2025/05/04 00:00:00",1,RAISEREG,SA1,-0.00191092,0,356.21633,PPCCGT
D,FPP,FORECAST_DEFAULT_CF,1,PTSTAN1,F_I+GFT_TG_R5,"2025/04/29 18:20:00","2025/05/04 00:00:00",1,RAISEREG,SA1,0.00000000,0,356.21633,PTSTAN1
D,FPP,FORECAST_DEFAULT_CF,1,PUMP1,F_I+GFT_TG_R5,"2025/04/29 18:20:00","2025/05/04 00:00:00",1,RAISEREG,QLD1,-0.00148606,0,356.21633,PUMP1
D,FPP,FORECAST_DEFAULT_CF,1,PUMP2,F_I+GFT_TG_R5,"2025/04/29 18:20:00","2025/05/04 00:00:00",1,RAISEREG,QLD1,-0.00045048,0,356.21633,PUMP2
D,FPP,FORECAST_DEFAULT_CF,1,QBYNB1,F_I+GFT_TG_R5,"2025/04/29 18:20:00","2025/05/04 00:00:00",1,RAISEREG,NSW1,-0.00031220,0,356.21633,QBYNB1
D,FPP,FORECAST_DEFAULT_CF,1,QPS1,F_I+GFT_TG_R5,"2025/04/29 18:20:00","2025/05/04 00:00:00",1,RAISEREG,SA1,-0.00054647,0,356.21633,QPS1
D,FPP,FORECAST_DEFAULT_CF,1,QPS2,F_I+GFT_TG_R5,"2025/04/29 18:20:00","2025/05/04 00:00:00",1,RAISEREG,SA1,-0.00008119,0,356.21633,QPS2
D,FPP,FORECAST_DEFAULT_CF,1,QPS3,F_I+GFT_TG_R5,"2025/04/29 18:20:00","2025/05/04 00:00:00",1,RAISEREG,SA1,-0.00021835,0,356.21633,QPS3
D,FPP,FORECAST_DEFAULT_CF,1,QPS4,F_I+GFT_TG_R5,"2025/04/29 18:20:00","2025/05/04 00:00:00",1,RAISEREG,SA1,-0.00012153,0,356.21633,QPS4
D,FPP,FORECAST_DEFAULT_CF,1,QPS5,F_I+GFT_TG_R5,"2025/04/29 18:20:00","2025/05/04 00:00:00",1,RAISEREG,SA1,-0.00040464,0,356.21633,QPS5
D,FPP,FORECAST_DEFAULT_CF,1,RANGEB1,F_I+GFT_TG_R5,"2025/04/29 18:20:00","2025/05/04 00:00:00",1,RAISEREG,VIC1,-0.00114276,0,356.21633,RANGEB1
D,FPP,FORECAST_DEFAULT_CF,1,REECE1,F_I+GFT_TG_R5,"2025/04/29 18:20:00","2025/05/04 00:00:00",1,RAISEREG,TAS1,-0.00057527,0,356.21633,REECE1
D,FPP,FORECAST_DEFAULT_CF,1,REECE2,F_I+GFT_TG_R5,"2025/04/29 18:20:00","2025/05/04 00:00:00",1,RAISEREG,TAS1,-0.00112592,0,356.21633,REECE2
D,FPP,FORECAST_DEFAULT_CF,1,REPULSE,F_I+GFT_TG_R5,"2025/04/29 18:20:00","2025/05/04 00:00:00",1,RAISEREG,TAS1,-0.00021111,0,356.21633,REPULSE
D,FPP,FORECAST_DEFAULT_CF,1,RESS1,F_I+GFT_TG_R5,"2025/04/29 18:20:00","2025/05/04 00:00:00",1,RAISEREG,NSW1,-0.00038468,0,356.21633,RESS1
D,FPP,FORECAST_DEFAULT_CF,1,RIVNB2,F_I+GFT_TG_R5,"2025/04/29 18:20:00","2025/05/04 00:00:00",1,RAISEREG,NSW1,-0.00004475,0,356.21633,RIVNB2
D,FPP,FORECAST_DEFAULT_CF,1,ROMA_7,F_I+GFT_TG_R5,"2025/04/29 18:20:00","2025/05/04 00:00:00",1,RAISEREG,QLD1,0.00000000,0,356.21633,ROMA_7
D,FPP,FORECAST_DEFAULT_CF,1,ROMA_8,F_I+GFT_TG_R5,"2025/04/29 18:20:00","2025/05/04 00:00:00",1,RAISEREG,QLD1,0.00000000,0,356.21633,ROMA_8
D,FPP,FORECAST_DEFAULT_CF,1,ROWALLAN,F_I+GFT_TG_R5,"2025/04/29 18:20:00","2025/05/04 00:00:00",1,RAISEREG,TAS1,-0.00000699,0,356.21633,ROWALLAN
D,FPP,FORECAST_DEFAULT_CF,1,ROYALLA1,F_I+GFT_TG_R5,"2025/04/29 18:20:00","2025/05/04 00:00:00",1,RAISEREG,NSW1,-0.00048813,0,356.21633,ROYALLA1
D,FPP,FORECAST_DEFAULT_CF,1,RPCG,F_I+GFT_TG_R5,"2025/04/29 18:20:00","2025/05/04 00:00:00",1,RAISEREG,QLD1,0.00000000,0,356.21633,RPCG
D,FPP,FORECAST_DEFAULT_CF,1,RRSF1,F_I+GFT_TG_R5,"2025/04/29 18:20:00","2025/05/04 00:00:00",1,RAISEREG,QLD1,-0.00478156,0,356.21633,RRSF1
D,FPP,FORECAST_DEFAULT_CF,1,RUGBYR1,F_I+GFT_TG_R5,"2025/04/29 18:20:00","2025/05/04 00:00:00",1,RAISEREG,QLD1,-0.00258360,0,356.21633,RUGBYR1
D,FPP,FORECAST_DEFAULT_CF,1,RYANCWF1,F_I+GFT_TG_R5,"2025/04/29 18:20:00","2025/05/04 00:00:00",1,RAISEREG,VIC1,-0.00611466,0,356.21633,RYANCWF1
D,FPP,FORECAST_DEFAULT_CF,1,RYEPARK1,F_I+GFT_TG_R5,"2025/04/29 18:20:00","2025/05/04 00:00:00",1,RAISEREG,NSW1,-0.00693500,0,356.21633,RYEPARK1
D,FPP,FORECAST_DEFAULT_CF,1,SALTCRK1,F_I+GFT_TG_R5,"2025/04/29 18:20:00","2025/05/04 00:00:00",1,RAISEREG,VIC1,-0.00072097,0,356.21633,SALTCRK1
D,FPP,FORECAST_DEFAULT_CF,1,SAPHWF1,F_I+GFT_TG_R5,"2025/04/29 18:20:00","2025/05/04 00:00:00",1,RAISEREG,NSW1,-0.00494862,0,356.21633,SAPHWF1
D,FPP,FORECAST_DEFAULT_CF,1,SEBSF1,F_I+GFT_TG_R5,"2025/04/29 18:20:00","2025/05/04 00:00:00",1,RAISEREG,NSW1,-0.00352339,0,356.21633,SEBSF1
D,FPP,FORECAST_DEFAULT_CF,1,SHGEN,F_I+GFT_TG_R5,"2025/04/29 18:20:00","2025/05/04 00:00:00",1,RAISEREG,NSW1,-0.00009803,0,356.21633,SHGEN
D,FPP,FORECAST_DEFAULT_CF,1,SHPUMP,F_I+GFT_TG_R5,"2025/04/29 18:20:00","2025/05/04 00:00:00",1,RAISEREG,NSW1,-0.00023300,0,356.21633,SHPUMP
D,FPP,FORECAST_DEFAULT_CF,1,SITHE01,F_I+GFT_TG_R5,"2025/04/29 18:20:00","2025/05/04 00:00:00",1,RAISEREG,NSW1,-0.00019193,0,356.21633,SITHE01
D,FPP,FORECAST_DEFAULT_CF,1,SMCSF1,F_I+GFT_TG_R5,"2025/04/29 18:20:00","2025/05/04 00:00:00",1,RAISEREG,QLD1,-0.00611331,0,356.21633,SMCSF1
D,FPP,FORECAST_DEFAULT_CF,1,SNAPPER1,F_I+GFT_TG_R5,"2025/04/29 18:20:00","2025/05/04 00:00:00",1,RAISEREG,SA1,-0.00036284,0,356.21633,SNAPPER1
D,FPP,FORECAST_DEFAULT_CF,1,SNOWNTH1,F_I+GFT_TG_R5,"2025/04/29 18:20:00","2025/05/04 00:00:00",1,RAISEREG,SA1,-0.00168493,0,356.21633,SNOWNTH1
D,FPP,FORECAST_DEFAULT_CF,1,SNOWSTH1,F_I+GFT_TG_R5,"2025/04/29 18:20:00","2025/05/04 00:00:00",1,RAISEREG,SA1,-0.00193492,0,356.21633,SNOWSTH1
D,FPP,FORECAST_DEFAULT_CF,1,SNOWTWN1,F_I+GFT_TG_R5,"2025/04/29 18:20:00","2025/05/04 00:00:00",1,RAISEREG,SA1,-0.00186937,0,356.21633,SNOWTWN1
D,FPP,FORECAST_DEFAULT_CF,1,SNOWYP,F_I+GFT_TG_R5,"2025/04/29 18:20:00","2025/05/04 00:00:00",1,RAISEREG,NSW1,-0.00041713,0,356.21633,SNOWYP
D,FPP,FORECAST_DEFAULT_CF,1,SNUG1,F_I+GFT_TG_R5,"2025/04/29 18:20:00","2025/05/04 00:00:00",1,RAISEREG,SA1,0.00000000,0,356.21633,SNUG1
D,FPP,FORECAST_DEFAULT_CF,1,SRSF1,F_I+GFT_TG_R5,"2025/04/29 18:20:00","2025/05/04 00:00:00",1,RAISEREG,QLD1,-0.00507880,0,356.21633,SRSF1
D,FPP,FORECAST_DEFAULT_CF,1,STAN-1,F_I+GFT_TG_R5,"2025/04/29 18:20:00","2025/05/04 00:00:00",1,RAISEREG,QLD1,-0.00017537,0,356.21633,STAN-1
D,FPP,FORECAST_DEFAULT_CF,1,STAN-2,F_I+GFT_TG_R5,"2025/04/29 18:20:00","2025/05/04 00:00:00",1,RAISEREG,QLD1,-0.00007417,0,356.21633,STAN-2
D,FPP,FORECAST_DEFAULT_CF,1,STAN-3,F_I+GFT_TG_R5,"2025/04/29 18:20:00","2025/05/04 00:00:00",1,RAISEREG,QLD1,-0.00005047,0,356.21633,STAN-3
D,FPP,FORECAST_DEFAULT_CF,1,STAN-4,F_I+GFT_TG_R5,"2025/04/29 18:20:00","2025/05/04 00:00:00",1,RAISEREG,QLD1,-0.00004694,0,356.21633,STAN-4
D,FPP,FORECAST_DEFAULT_CF,1,STARHLWF,F_I+GFT_TG_R5,"2025/04/29 18:20:00","2025/05/04 00:00:00",1,RAISEREG,SA1,-0.00050497,0,356.21633,STARHLWF
D,FPP,FORECAST_DEFAULT_CF,1,STOCKYD1,F_I+GFT_TG_R5,"2025/04/29 18:20:00","2025/05/04 00:00:00",1,RAISEREG,VIC1,-0.00447590,0,356.21633,STOCKYD1
D,FPP,FORECAST_DEFAULT_CF,1,STUBSF1,F_I+GFT_TG_R5,"2025/04/29 18:20:00","2025/05/04 00:00:00",1,RAISEREG,NSW1,-0.00687804,0,356.21633,STUBSF1
D,FPP,FORECAST_DEFAULT_CF,1,STUBSF2,F_I+GFT_TG_R5,"2025/04/29 18:20:00","2025/05/04 00:00:00",1,RAISEREG,NSW1,-0.01299957,0,356.21633,STUBSF2
D,FPP,FORECAST_DEFAULT_CF,1,STWF1,F_I+GFT_TG_R5,"2025/04/29 18:20:00","2025/05/04 00:00:00",1,RAISEREG,NSW1,-0.00180065,0,356.21633,STWF1
D,FPP,FORECAST_DEFAULT_CF,1,SUNRSF1,F_I+GFT_TG_R5,"2025/04/29 18:20:00","2025/05/04 00:00:00",1,RAISEREG,NSW1,-0.00094614,0,356.21633,SUNRSF1
D,FPP,FORECAST_DEFAULT_CF,1,SUNTPSF1,F_I+GFT_TG_R5,"2025/04/29 18:20:00","2025/05/04 00:00:00",1,RAISEREG,NSW1,-0.00838839,0,356.21633,SUNTPSF1
D,FPP,FORECAST_DEFAULT_CF,1,SWAN_E,F_I+GFT_TG_R5,"2025/04/29 18:20:00","2025/05/04 00:00:00",1,RAISEREG,QLD1,0.00000000,0,356.21633,SWAN_E
D,FPP,FORECAST_DEFAULT_CF,1,TALWA1,F_I+GFT_TG_R5,"2025/04/29 18:20:00","2025/05/04 00:00:00",1,RAISEREG,NSW1,-0.00076574,0,356.21633,TALWA1
D,FPP,FORECAST_DEFAULT_CF,1,TALWB1,F_I+GFT_TG_R5,"2025/04/29 18:20:00","2025/05/04 00:00:00",1,RAISEREG,NSW1,-0.00100344,0,356.21633,TALWB1
D,FPP,FORECAST_DEFAULT_CF,1,TARALGA1,F_I+GFT_TG_R5,"2025/04/29 18:20:00","2025/05/04 00:00:00",1,RAISEREG,NSW1,-0.00139878,0,356.21633,TARALGA1
D,FPP,FORECAST_DEFAULT_CF,1,TARBESS1,F_I+GFT_TG_R5,"2025/04/29 18:20:00","2025/05/04 00:00:00",1,RAISEREG,QLD1,0.00000000,0,356.21633,TARBESS1
D,FPP,FORECAST_DEFAULT_CF,1,TARONG#1,F_I+GFT_TG_R5,"2025/04/29 18:20:00","2025/05/04 00:00:00",1,RAISEREG,QLD1,-0.00037626,0,356.21633,TARONG#1
D,FPP,FORECAST_DEFAULT_CF,1,TARONG#2,F_I+GFT_TG_R5,"2025/04/29 18:20:00","2025/05/04 00:00:00",1,RAISEREG,QLD1,-0.00021024,0,356.21633,TARONG#2
D,FPP,FORECAST_DEFAULT_CF,1,TARONG#3,F_I+GFT_TG_R5,"2025/04/29 18:20:00","2025/05/04 00:00:00",1,RAISEREG,QLD1,-0.00061606,0,356.21633,TARONG#3
D,FPP,FORECAST_DEFAULT_CF,1,TARONG#4,F_I+GFT_TG_R5,"2025/04/29 18:20:00","2025/05/04 00:00:00",1,RAISEREG,QLD1,-0.00029516,0,356.21633,TARONG#4
D,FPP,FORECAST_DEFAULT_CF,1,TARRALEA,F_I+GFT_TG_R5,"2025/04/29 18:20:00","2025/05/04 00:00:00",1,RAISEREG,TAS1,-0.00006544,0,356.21633,TARRALEA
D,FPP,FORECAST_DEFAULT_CF,1,TB2B1,F_I+GFT_TG_R5,"2025/04/29 18:20:00","2025/05/04 00:00:00",1,RAISEREG,SA1,-0.00013337,0,356.21633,TB2B1
D,FPP,FORECAST_DEFAULT_CF,1,TB2SF1,F_I+GFT_TG_R5,"2025/04/29 18:20:00","2025/05/04 00:00:00",1,RAISEREG,SA1,-0.00230924,0,356.21633,TB2SF1
D,FPP,FORECAST_DEFAULT_CF,1,TBSF1,F_I+GFT_TG_R5,"2025/04/29 18:20:00","2025/05/04 00:00:00",1,RAISEREG,SA1,-0.00265072,0,356.21633,TBSF1
D,FPP,FORECAST_DEFAULT_CF,1,TIB1,F_I+GFT_TG_R5,"2025/04/29 18:20:00","2025/05/04 00:00:00",1,RAISEREG,SA1,-0.00105512,0,356.21633,TIB1
D,FPP,FORECAST_DEFAULT_CF,1,TNPS1,F_I+GFT_TG_R5,"2025/04/29 18:20:00","2025/05/04 00:00:00",1,RAISEREG,QLD1,-0.00311229,0,356.21633,TNPS1
D,FPP,FORECAST_DEFAULT_CF,1,TOMAGO_LOAD,F_I+GFT_TG_R5,"2025/04/29 18:20:00","2025/05/04 00:00:00",1,RAISEREG,NSW1,-0.00139106,0,356.21633,NTMG
D,FPP,FORECAST_DEFAULT_CF,1,TORRB1,F_I+GFT_TG_R5,"2025/04/29 18:20:00","2025/05/04 00:00:00",1,RAISEREG,SA1,0.00000000,0,356.21633,TORRB1
D,FPP,FORECAST_DEFAULT_CF,1,TORRB2,F_I+GFT_TG_R5,"2025/04/29 18:20:00","2025/05/04 00:00:00",1,RAISEREG,SA1,-0.00022728,0,356.21633,TORRB2
D,FPP,FORECAST_DEFAULT_CF,1,TORRB3,F_I+GFT_TG_R5,"2025/04/29 18:20:00","2025/05/04 00:00:00",1,RAISEREG,SA1,0.00000000,0,356.21633,TORRB3
D,FPP,FORECAST_DEFAULT_CF,1,TORRB4,F_I+GFT_TG_R5,"2025/04/29 18:20:00","2025/05/04 00:00:00",1,RAISEREG,SA1,-0.00065398,0,356.21633,TORRB4
D,FPP,FORECAST_DEFAULT_CF,1,TREVALLN,F_I+GFT_TG_R5,"2025/04/29 18:20:00","2025/05/04 00:00:00",1,RAISEREG,TAS1,-0.00025931,0,356.21633,TREVALLN
D,FPP,FORECAST_DEFAULT_CF,1,TRIBUTE,F_I+GFT_TG_R5,"2025/04/29 18:20:00","2025/05/04 00:00:00",1,RAISEREG,TAS1,-0.00018278,0,356.21633,TRIBUTE
D,FPP,FORECAST_DEFAULT_CF,1,TUMUT3,F_I+GFT_TG_R5,"2025/04/29 18:20:00","2025/05/04 00:00:00",1,RAISEREG,NSW1,-0.00083646,0,356.21633,TUMUT3
D,FPP,FORECAST_DEFAULT_CF,1,TUNGATIN,F_I+GFT_TG_R5,"2025/04/29 18:20:00","2025/05/04 00:00:00",1,RAISEREG,TAS1,-0.00405824,0,356.21633,TUNGATIN
D,FPP,FORECAST_DEFAULT_CF,1,TVCC201,F_I+GFT_TG_R5,"2025/04/29 18:20:00","2025/05/04 00:00:00",1,RAISEREG,TAS1,0.00000000,0,356.21633,TVCC201
D,FPP,FORECAST_DEFAULT_CF,1,TVPP104,F_I+GFT_TG_R5,"2025/04/29 18:20:00","2025/05/04 00:00:00",1,RAISEREG,TAS1,-0.00001774,0,356.21633,TVPP104
D,FPP,FORECAST_DEFAULT_CF,1,UPPTUMUT,F_I+GFT_TG_R5,"2025/04/29 18:20:00","2025/05/04 00:00:00",1,RAISEREG,NSW1,-0.00116449,0,356.21633,UPPTUMUT
D,FPP,FORECAST_DEFAULT_CF,1,URANQ11,F_I+GFT_TG_R5,"2025/04/29 18:20:00","2025/05/04 00:00:00",1,RAISEREG,NSW1,-0.00026627,0,356.21633,URANQ11
D,FPP,FORECAST_DEFAULT_CF,1,URANQ12,F_I+GFT_TG_R5,"2025/04/29 18:20:00","2025/05/04 00:00:00",1,RAISEREG,NSW1,-0.00025521,0,356.21633,URANQ12
D,FPP,FORECAST_DEFAULT_CF,1,URANQ13,F_I+GFT_TG_R5,"2025/04/29 18:20:00","2025/05/04 00:00:00",1,RAISEREG,NSW1,-0.00047277,0,356.21633,URANQ13
D,FPP,FORECAST_DEFAULT_CF,1,URANQ14,F_I+GFT_TG_R5,"2025/04/29 18:20:00","2025/05/04 00:00:00",1,RAISEREG,NSW1,-0.00047814,0,356.21633,URANQ14
D,FPP,FORECAST_DEFAULT_CF,1,VBB1,F_I+GFT_TG_R5,"2025/04/29 18:20:00","2025/05/04 00:00:00",1,RAISEREG,VIC1,-0.00045514,0,356.21633,VBB1
D,FPP,FORECAST_DEFAULT_CF,1,VP5,F_I+GFT_TG_R5,"2025/04/29 18:20:00","2025/05/04 00:00:00",1,RAISEREG,NSW1,-0.00300073,0,356.21633,VP5
D,FPP,FORECAST_DEFAULT_CF,1,VP6,F_I+GFT_TG_R5,"2025/04/29 18:20:00","2025/05/04 00:00:00",1,RAISEREG,NSW1,-0.00750642,0,356.21633,VP6
D,FPP,FORECAST_DEFAULT_CF,1,VPGS1,F_I+GFT_TG_R5,"2025/04/29 18:20:00","2025/05/04 00:00:00",1,RAISEREG,VIC1,0.00000000,0,356.21633,VPGS1
D,FPP,FORECAST_DEFAULT_CF,1,VPGS2,F_I+GFT_TG_R5,"2025/04/29 18:20:00","2025/05/04 00:00:00",1,RAISEREG,VIC1,0.00000000,0,356.21633,VPGS2
D,FPP,FORECAST_DEFAULT_CF,1,VPGS3,F_I+GFT_TG_R5,"2025/04/29 18:20:00","2025/05/04 00:00:00",1,RAISEREG,VIC1,0.00000000,0,356.21633,VPGS3
D,FPP,FORECAST_DEFAULT_CF,1,VPGS4,F_I+GFT_TG_R5,"2025/04/29 18:20:00","2025/05/04 00:00:00",1,RAISEREG,VIC1,0.00000000,0,356.21633,VPGS4
D,FPP,FORECAST_DEFAULT_CF,1,VPGS5,F_I+GFT_TG_R5,"2025/04/29 18:20:00","2025/05/04 00:00:00",1,RAISEREG,VIC1,0.00000000,0,356.21633,VPGS5
D,FPP,FORECAST_DEFAULT_CF,1,VPGS6,F_I+GFT_TG_R5,"2025/04/29 18:20:00","2025/05/04 00:00:00",1,RAISEREG,VIC1,0.00000000,0,356.21633,VPGS6
D,FPP,FORECAST_DEFAULT_CF,1,W/HOE#1,F_I+GFT_TG_R5,"2025/04/29 18:20:00","2025/05/04 00:00:00",1,RAISEREG,QLD1,-0.00163704,0,356.21633,W/HOE#1
D,FPP,FORECAST_DEFAULT_CF,1,W/HOE#2,F_I+GFT_TG_R5,"2025/04/29 18:20:00","2025/05/04 00:00:00",1,RAISEREG,QLD1,-0.00358894,0,356.21633,W/HOE#2
D,FPP,FORECAST_DEFAULT_CF,1,WAGGNSF1,F_I+GFT_TG_R5,"2025/04/29 18:20:00","2025/05/04 00:00:00",1,RAISEREG,NSW1,-0.00109717,0,356.21633,WAGGNSF1
D,FPP,FORECAST_DEFAULT_CF,1,WALGRV1,F_I+GFT_TG_R5,"2025/04/29 18:20:00","2025/05/04 00:00:00",1,RAISEREG,NSW1,-0.00131889,0,356.21633,WALGRV1
D,FPP,FORECAST_DEFAULT_CF,1,WANDB1,F_I+GFT_TG_R5,"2025/04/29 18:20:00","2025/05/04 00:00:00",1,RAISEREG,QLD1,-0.00123167,0,356.21633,WANDB1
D,FPP,FORECAST_DEFAULT_CF,1,WANDSF1,F_I+GFT_TG_R5,"2025/04/29 18:20:00","2025/05/04 00:00:00",1,RAISEREG,QLD1,-0.00551359,0,356.21633,WANDSF1
D,FPP,FORECAST_DEFAULT_CF,1,WARWSF1,F_I+GFT_TG_R5,"2025/04/29 18:20:00","2025/05/04 00:00:00",1,RAISEREG,QLD1,-0.00146953,0,356.21633,WARWSF1
D,FPP,FORECAST_DEFAULT_CF,1,WARWSF2,F_I+GFT_TG_R5,"2025/04/29 18:20:00","2025/05/04 00:00:00",1,RAISEREG,QLD1,-0.00139014,0,356.21633,WARWSF2
D,FPP,FORECAST_DEFAULT_CF,1,WATERLWF,F_I+GFT_TG_R5,"2025/04/29 18:20:00","2025/05/04 00:00:00",1,RAISEREG,SA1,-0.00163210,0,356.21633,WATERLWF
D,FPP,FORECAST_DEFAULT_CF,1,WAUBRAWF,F_I+GFT_TG_R5,"2025/04/29 18:20:00","2025/05/04 00:00:00",1,RAISEREG,VIC1,-0.00178116,0,356.21633,WAUBRAWF
D,FPP,FORECAST_DEFAULT_CF,1,WDBESS1,F_I+GFT_TG_R5,"2025/04/29 18:20:00","2025/05/04 00:00:00",1,RAISEREG,QLD1,-0.00013054,0,356.21633,WDBESS1
D,FPP,FORECAST_DEFAULT_CF,1,WDGPH1,F_I+GFT_TG_R5,"2025/04/29 18:20:00","2025/05/04 00:00:00",1,RAISEREG,QLD1,-0.01476336,0,356.21633,WDGPH1
D,FPP,FORECAST_DEFAULT_CF,1,WELLSF1,F_I+GFT_TG_R5,"2025/04/29 18:20:00","2025/05/04 00:00:00",1,RAISEREG,NSW1,-0.00984115,0,356.21633,WELLSF1
D,FPP,FORECAST_DEFAULT_CF,1,WELNSF1,F_I+GFT_TG_R5,"2025/04/29 18:20:00","2025/05/04 00:00:00",1,RAISEREG,NSW1,-0.01856936,0,356.21633,WELNSF1
D,FPP,FORECAST_DEFAULT_CF,1,WEMENSF1,F_I+GFT_TG_R5,"2025/04/29 18:20:00","2025/05/04 00:00:00",1,RAISEREG,VIC1,-0.00110601,0,356.21633,WEMENSF1
D,FPP,FORECAST_DEFAULT_CF,1,WGWF1,F_I+GFT_TG_R5,"2025/04/29 18:20:00","2025/05/04 00:00:00",1,RAISEREG,SA1,-0.00199286,0,356.21633,WGWF1
D,FPP,FORECAST_DEFAULT_CF,1,WHITSF1,F_I+GFT_TG_R5,"2025/04/29 18:20:00","2025/05/04 00:00:00",1,RAISEREG,QLD1,-0.00324463,0,356.21633,WHITSF1
D,FPP,FORECAST_DEFAULT_CF,1,WINTSF1,F_I+GFT_TG_R5,"2025/04/29 18:20:00","2025/05/04 00:00:00",1,RAISEREG,VIC1,-0.00292766,0,356.21633,WINTSF1
D,FPP,FORECAST_DEFAULT_CF,1,WKIEWA1,F_I+GFT_TG_R5,"2025/04/29 18:20:00","2025/05/04 00:00:00",1,RAISEREG,VIC1,-0.00002428,0,356.21633,WKIEWA1
D,FPP,FORECAST_DEFAULT_CF,1,WKIEWA2,F_I+GFT_TG_R5,"2025/04/29 18:20:00","2025/05/04 00:00:00",1,RAISEREG,VIC1,-0.00003422,0,356.21633,WKIEWA2
D,FPP,FORECAST_DEFAULT_CF,1,WLWLSF1,F_I+GFT_TG_R5,"2025/04/29 18:20:00","2025/05/04 00:00:00",1,RAISEREG,NSW1,-0.00356514,0,356.21633,WLWLSF1
D,FPP,FORECAST_DEFAULT_CF,1,WLWLSF2,F_I+GFT_TG_R5,"2025/04/29 18:20:00","2025/05/04 00:00:00",1,RAISEREG,NSW1,-0.00607965,0,356.21633,WLWLSF2
D,FPP,FORECAST_DEFAULT_CF,1,WOLARSF1,F_I+GFT_TG_R5,"2025/04/29 18:20:00","2025/05/04 00:00:00",1,RAISEREG,NSW1,-0.02332122,0,356.21633,WOLARSF1
D,FPP,FORECAST_DEFAULT_CF,1,WOODLWN1,F_I+GFT_TG_R5,"2025/04/29 18:20:00","2025/05/04 00:00:00",1,RAISEREG,NSW1,-0.00185831,0,356.21633,WOODLWN1
D,FPP,FORECAST_DEFAULT_CF,1,WOOLGSF1,F_I+GFT_TG_R5,"2025/04/29 18:20:00","2025/05/04 00:00:00",1,RAISEREG,QLD1,-0.01460062,0,356.21633,WOOLGSF1
D,FPP,FORECAST_DEFAULT_CF,1,WOOLNTH1,F_I+GFT_TG_R5,"2025/04/29 18:20:00","2025/05/04 00:00:00",1,RAISEREG,TAS1,-0.00149538,0,356.21633,WOOLNTH1
D,FPP,FORECAST_DEFAULT_CF,1,WPWF,F_I+GFT_TG_R5,"2025/04/29 18:20:00","2025/05/04 00:00:00",1,RAISEREG,SA1,-0.00150538,0,356.21633,WPWF
D,FPP,FORECAST_DEFAULT_CF,1,WRSF1,F_I+GFT_TG_R5,"2025/04/29 18:20:00","2025/05/04 00:00:00",1,RAISEREG,NSW1,-0.00161775,0,356.21633,WRSF1
D,FPP,FORECAST_DEFAULT_CF,1,WRWF1,F_I+GFT_TG_R5,"2025/04/29 18:20:00","2025/05/04 00:00:00",1,RAISEREG,NSW1,-0.00593392,0,356.21633,WRWF1
D,FPP,FORECAST_DEFAULT_CF,1,WSTWYSF1,F_I+GFT_TG_R5,"2025/04/29 18:20:00","2025/05/04 00:00:00",1,RAISEREG,NSW1,-0.00714263,0,356.21633,WSTWYSF1
D,FPP,FORECAST_DEFAULT_CF,1,WTAHB1,F_I+GFT_TG_R5,"2025/04/29 18:20:00","2025/05/04 00:00:00",1,RAISEREG,NSW1,-0.00287143,0,356.21633,WTAHB1
D,FPP,FORECAST_DEFAULT_CF,1,WUNUSF1,F_I+GFT_TG_R5,"2025/04/29 18:20:00","2025/05/04 00:00:00",1,RAISEREG,VIC1,-0.00161059,0,356.21633,WUNUSF1
D,FPP,FORECAST_DEFAULT_CF,1,WYASF1,F_I+GFT_TG_R5,"2025/04/29 18:20:00","2025/05/04 00:00:00",1,RAISEREG,NSW1,-0.00178813,0,356.21633,WYASF1
D,FPP,FORECAST_DEFAULT_CF,1,YABULU,F_I+GFT_TG_R5,"2025/04/29 18:20:00","2025/05/04 00:00:00",1,RAISEREG,QLD1,0.00000000,0,356.21633,YABULU
D,FPP,FORECAST_DEFAULT_CF,1,YABULU2,F_I+GFT_TG_R5,"2025/04/29 18:20:00","2025/05/04 00:00:00",1,RAISEREG,QLD1,0.00000000,0,356.21633,YABULU2
D,FPP,FORECAST_DEFAULT_CF,1,YAMBUKWF,F_I+GFT_TG_R5,"2025/04/29 18:20:00","2025/05/04 00:00:00",1,RAISEREG,VIC1,-0.00058765,0,356.21633,YAMBUKWF
D,FPP,FORECAST_DEFAULT_CF,1,YARANSF1,F_I+GFT_TG_R5,"2025/04/29 18:20:00","2025/05/04 00:00:00",1,RAISEREG,QLD1,-0.00729868,0,356.21633,YARANSF1
D,FPP,FORECAST_DEFAULT_CF,1,YARWUN_1,F_I+GFT_TG_R5,"2025/04/29 18:20:00","2025/05/04 00:00:00",1,RAISEREG,QLD1,-0.00111522,0,356.21633,YARWUN_1
D,FPP,FORECAST_DEFAULT_CF,1,YATSF1,F_I+GFT_TG_R5,"2025/04/29 18:20:00","2025/05/04 00:00:00",1,RAISEREG,VIC1,-0.00118765,0,356.21633,YATSF1
D,FPP,FORECAST_DEFAULT_CF,1,YENDWF1,F_I+GFT_TG_R5,"2025/04/29 18:20:00","2025/05/04 00:00:00",1,RAISEREG,VIC1,-0.00243588,0,356.21633,YENDWF1
D,FPP,FORECAST_DEFAULT_CF,1,YSWF1,F_I+GFT_TG_R5,"2025/04/29 18:20:00","2025/05/04 00:00:00",1,RAISEREG,VIC1,-0.00055085,0,356.21633,YSWF1
D,FPP,FORECAST_DEFAULT_CF,1,YWPS1,F_I+GFT_TG_R5,"2025/04/29 18:20:00","2025/05/04 00:00:00",1,RAISEREG,VIC1,-0.00078758,0,356.21633,YWPS1
D,FPP,FORECAST_DEFAULT_CF,1,YWPS2,F_I+GFT_TG_R5,"2025/04/29 18:20:00","2025/05/04 00:00:00",1,RAISEREG,VIC1,-0.00126712,0,356.21633,YWPS2
D,FPP,FORECAST_DEFAULT_CF,1,YWPS3,F_I+GFT_TG_R5,"2025/04/29 18:20:00","2025/05/04 00:00:00",1,RAISEREG,VIC1,-0.00084589,0,356.21633,YWPS3
D,FPP,FORECAST_DEFAULT_CF,1,YWPS4,F_I+GFT_TG_R5,"2025/04/29 18:20:00","2025/05/04 00:00:00",1,RAISEREG,VIC1,-0.00052645,0,356.21633,YWPS4
I,FPP,FORECAST_RESIDUAL_DCF,1,CONSTRAINTID,EFFECTIVE_START_DATETIME,EFFECTIVE_END_DATETIME,VERSIONNO,BIDTYPE,RESIDUAL_DCF,RESIDUAL_DCF_REASON_FLAG,DCF_ABS_NEGATIVE_PERF_TOTAL
D,FPP,FORECAST_RESIDUAL_DCF,1,F_I+GFT_TG_R5,"2025/04/29 18:20:00","2025/05/04 00:00:00",1,RAISEREG,-0.24731362,0,356.21633
C,"END OF REPORT",438
