C,SETP.WORLD,FPP_RUN,AEMO,PUBLIC,2025/05/02,17:43:15,0000000461610806,FPP,0000000461610806
I,FPP,CONSTRAINT_FREQ_MEASURE,1,INTERVAL_DATETIME,MEASUREMENT_DATETIME,CONSTRAINTID,VERSIONNO,BIDTYPE,FM_RAISE_HZ,FM_LOWER_HZ,USED_IN_RCR_FLAG,CORRELATION_FLAG
D,FPP,CONSTRAINT_FREQ_MEASURE,1,"2025/05/02 17:40:00","2025/05/02 17:35:04",F_MAIN++NIL_MG_R5,1,RAISEREG,0.00709759,0.00000000,1,0
D,FPP,CONSTRAINT_FREQ_MEASURE,1,"2025/05/02 17:40:00","2025/05/02 17:35:04",F_T+LREG_0050,1,LOWERREG,0.00940982,0.00000000,1,0
D,FPP,CONSTRAINT_FREQ_MEASURE,1,"2025/05/02 17:40:00","2025/05/02 17:35:04",F_T+RREG_0050,1,RAISEREG,0.00940982,0.00000000,1,0
D,FPP,CONSTRAINT_FREQ_MEASURE,1,"2025/05/02 17:40:00","2025/05/02 17:35:04",F_TASCAP_LREG_0210,1,LOWERREG,0.00709759,0.00000000,1,0
D,FPP,CONSTRAINT_FREQ_MEASURE,1,"2025/05/02 17:40:00","2025/05/02 17:35:08",F_MAIN++NIL_MG_R5,1,RAISEREG,0.00452011,0.00000000,1,0
D,FPP,CONSTRAINT_FREQ_MEASURE,1,"2025/05/02 17:40:00","2025/05/02 17:35:08",F_T+LREG_0050,1,LOWERREG,0.02465208,0.00000000,1,0
D,FPP,CONSTRAINT_FREQ_MEASURE,1,"2025/05/02 17:40:00","2025/05/02 17:35:08",F_T+RREG_0050,1,RAISEREG,0.02465208,0.00000000,1,0
D,FPP,CONSTRAINT_FREQ_MEASURE,1,"2025/05/02 17:40:00","2025/05/02 17:35:08",F_TASCAP_LREG_0210,1,LOWERREG,0.00452011,0.00000000,1,0
D,FPP,CONSTRAINT_FREQ_MEASURE,1,"2025/05/02 17:40:00","2025/05/02 17:35:12",F_MAIN++NIL_MG_R5,1,RAISEREG,0.00258722,0.00000000,1,0
D,FPP,CONSTRAINT_FREQ_MEASURE,1,"2025/05/02 17:40:00","2025/05/02 17:35:12",F_T+LREG_0050,1,LOWERREG,0.02628495,0.00000000,1,0
D,FPP,CONSTRAINT_FREQ_MEASURE,1,"2025/05/02 17:40:00","2025/05/02 17:35:12",F_T+RREG_0050,1,RAISEREG,0.02628495,0.00000000,1,0
D,FPP,CONSTRAINT_FREQ_MEASURE,1,"2025/05/02 17:40:00","2025/05/02 17:35:12",F_TASCAP_LREG_0210,1,LOWERREG,0.00258722,0.00000000,1,0
D,FPP,CONSTRAINT_FREQ_MEASURE,1,"2025/05/02 17:40:00","2025/05/02 17:35:16",F_MAIN++NIL_MG_R5,1,RAISEREG,0.00099337,0.00000000,1,0
D,FPP,CONSTRAINT_FREQ_MEASURE,1,"2025/05/02 17:40:00","2025/05/02 17:35:16",F_T+LREG_0050,1,LOWERREG,0.01711052,0.00000000,1,0
D,FPP,CONSTRAINT_FREQ_MEASURE,1,"2025/05/02 17:40:00","2025/05/02 17:35:16",F_T+RREG_0050,1,RAISEREG,0.01711052,0.00000000,1,0
D,FPP,CONSTRAINT_FREQ_MEASURE,1,"2025/05/02 17:40:00","2025/05/02 17:35:16",F_TASCAP_LREG_0210,1,LOWERREG,0.00099337,0.00000000,1,0
D,FPP,CONSTRAINT_FREQ_MEASURE,1,"2025/05/02 17:40:00","2025/05/02 17:35:20",F_MAIN++NIL_MG_R5,1,RAISEREG,0.00282427,0.00000000,1,0
D,FPP,CONSTRAINT_FREQ_MEASURE,1,"2025/05/02 17:40:00","2025/05/02 17:35:20",F_T+LREG_0050,1,LOWERREG,0.00241929,0.00000000,1,0
D,FPP,CONSTRAINT_FREQ_MEASURE,1,"2025/05/02 17:40:00","2025/05/02 17:35:20",F_T+RREG_0050,1,RAISEREG,0.00241929,0.00000000,1,0
D,FPP,CONSTRAINT_FREQ_MEASURE,1,"2025/05/02 17:40:00","2025/05/02 17:35:20",F_TASCAP_LREG_0210,1,LOWERREG,0.00282427,0.00000000,1,0
D,FPP,CONSTRAINT_FREQ_MEASURE,1,"2025/05/02 17:40:00","2025/05/02 17:35:24",F_MAIN++NIL_MG_R5,1,RAISEREG,0.00541828,0.00000000,1,0
D,FPP,CONSTRAINT_FREQ_MEASURE,1,"2025/05/02 17:40:00","2025/05/02 17:35:24",F_T+LREG_0050,1,LOWERREG,0.00000000,-0.00700722,1,0
D,FPP,CONSTRAINT_FREQ_MEASURE,1,"2025/05/02 17:40:00","2025/05/02 17:35:24",F_T+RREG_0050,1,RAISEREG,0.00000000,-0.00700722,1,0
D,FPP,CONSTRAINT_FREQ_MEASURE,1,"2025/05/02 17:40:00","2025/05/02 17:35:24",F_TASCAP_LREG_0210,1,LOWERREG,0.00541828,0.00000000,1,0
D,FPP,CONSTRAINT_FREQ_MEASURE,1,"2025/05/02 17:40:00","2025/05/02 17:35:28",F_MAIN++NIL_MG_R5,1,RAISEREG,0.00783109,0.00000000,1,0
D,FPP,CONSTRAINT_FREQ_MEASURE,1,"2025/05/02 17:40:00","2025/05/02 17:35:28",F_T+LREG_0050,1,LOWERREG,0.00000000,-0.00833895,1,0
D,FPP,CONSTRAINT_FREQ_MEASURE,1,"2025/05/02 17:40:00","2025/05/02 17:35:28",F_T+RREG_0050,1,RAISEREG,0.00000000,-0.00833895,1,0
D,FPP,CONSTRAINT_FREQ_MEASURE,1,"2025/05/02 17:40:00","2025/05/02 17:35:28",F_TASCAP_LREG_0210,1,LOWERREG,0.00783109,0.00000000,1,0
D,FPP,CONSTRAINT_FREQ_MEASURE,1,"2025/05/02 17:40:00","2025/05/02 17:35:32",F_MAIN++NIL_MG_R5,1,RAISEREG,0.00501113,0.00000000,1,0
D,FPP,CONSTRAINT_FREQ_MEASURE,1,"2025/05/02 17:40:00","2025/05/02 17:35:32",F_T+LREG_0050,1,LOWERREG,0.00000000,-0.00270807,1,0
D,FPP,CONSTRAINT_FREQ_MEASURE,1,"2025/05/02 17:40:00","2025/05/02 17:35:32",F_T+RREG_0050,1,RAISEREG,0.00000000,-0.00270807,1,0
D,FPP,CONSTRAINT_FREQ_MEASURE,1,"2025/05/02 17:40:00","2025/05/02 17:35:32",F_TASCAP_LREG_0210,1,LOWERREG,0.00501113,0.00000000,1,0
D,FPP,CONSTRAINT_FREQ_MEASURE,1,"2025/05/02 17:40:00","2025/05/02 17:35:36",F_MAIN++NIL_MG_R5,1,RAISEREG,0.00000000,-0.00001322,1,0
D,FPP,CONSTRAINT_FREQ_MEASURE,1,"2025/05/02 17:40:00","2025/05/02 17:35:36",F_T+LREG_0050,1,LOWERREG,0.00611595,0.00000000,1,0
D,FPP,CONSTRAINT_FREQ_MEASURE,1,"2025/05/02 17:40:00","2025/05/02 17:35:36",F_T+RREG_0050,1,RAISEREG,0.00611595,0.00000000,1,0
D,FPP,CONSTRAINT_FREQ_MEASURE,1,"2025/05/02 17:40:00","2025/05/02 17:35:36",F_TASCAP_LREG_0210,1,LOWERREG,0.00000000,-0.00001322,1,0
D,FPP,CONSTRAINT_FREQ_MEASURE,1,"2025/05/02 17:40:00","2025/05/02 17:35:40",F_MAIN++NIL_MG_R5,1,RAISEREG,0.00000000,-0.00369612,1,0
D,FPP,CONSTRAINT_FREQ_MEASURE,1,"2025/05/02 17:40:00","2025/05/02 17:35:40",F_T+LREG_0050,1,LOWERREG,0.00675685,0.00000000,1,0
D,FPP,CONSTRAINT_FREQ_MEASURE,1,"2025/05/02 17:40:00","2025/05/02 17:35:40",F_T+RREG_0050,1,RAISEREG,0.00675685,0.00000000,1,0
D,FPP,CONSTRAINT_FREQ_MEASURE,1,"2025/05/02 17:40:00","2025/05/02 17:35:40",F_TASCAP_LREG_0210,1,LOWERREG,0.00000000,-0.00369612,1,0
D,FPP,CONSTRAINT_FREQ_MEASURE,1,"2025/05/02 17:40:00","2025/05/02 17:35:44",F_MAIN++NIL_MG_R5,1,RAISEREG,0.00000000,-0.00360610,1,0
D,FPP,CONSTRAINT_FREQ_MEASURE,1,"2025/05/02 17:40:00","2025/05/02 17:35:44",F_T+LREG_0050,1,LOWERREG,0.00000000,-0.00341134,1,0
D,FPP,CONSTRAINT_FREQ_MEASURE,1,"2025/05/02 17:40:00","2025/05/02 17:35:44",F_T+RREG_0050,1,RAISEREG,0.00000000,-0.00341134,1,0
D,FPP,CONSTRAINT_FREQ_MEASURE,1,"2025/05/02 17:40:00","2025/05/02 17:35:44",F_TASCAP_LREG_0210,1,LOWERREG,0.00000000,-0.00360610,1,0
D,FPP,CONSTRAINT_FREQ_MEASURE,1,"2025/05/02 17:40:00","2025/05/02 17:35:48",F_MAIN++NIL_MG_R5,1,RAISEREG,0.00000000,-0.00347388,1,0
D,FPP,CONSTRAINT_FREQ_MEASURE,1,"2025/05/02 17:40:00","2025/05/02 17:35:48",F_T+LREG_0050,1,LOWERREG,0.00000000,-0.01087549,1,0
D,FPP,CONSTRAINT_FREQ_MEASURE,1,"2025/05/02 17:40:00","2025/05/02 17:35:48",F_T+RREG_0050,1,RAISEREG,0.00000000,-0.01087549,1,0
D,FPP,CONSTRAINT_FREQ_MEASURE,1,"2025/05/02 17:40:00","2025/05/02 17:35:48",F_TASCAP_LREG_0210,1,LOWERREG,0.00000000,-0.00347388,1,0
D,FPP,CONSTRAINT_FREQ_MEASURE,1,"2025/05/02 17:40:00","2025/05/02 17:35:52",F_MAIN++NIL_MG_R5,1,RAISEREG,0.00000000,-0.00460771,1,0
D,FPP,CONSTRAINT_FREQ_MEASURE,1,"2025/05/02 17:40:00","2025/05/02 17:35:52",F_T+LREG_0050,1,LOWERREG,0.00000000,-0.00712538,1,0
D,FPP,CONSTRAINT_FREQ_MEASURE,1,"2025/05/02 17:40:00","2025/05/02 17:35:52",F_T+RREG_0050,1,RAISEREG,0.00000000,-0.00712538,1,0
D,FPP,CONSTRAINT_FREQ_MEASURE,1,"2025/05/02 17:40:00","2025/05/02 17:35:52",F_TASCAP_LREG_0210,1,LOWERREG,0.00000000,-0.00460771,1,0
D,FPP,CONSTRAINT_FREQ_MEASURE,1,"2025/05/02 17:40:00","2025/05/02 17:35:56",F_MAIN++NIL_MG_R5,1,RAISEREG,0.00000000,-0.00613349,1,0
D,FPP,CONSTRAINT_FREQ_MEASURE,1,"2025/05/02 17:40:00","2025/05/02 17:35:56",F_T+LREG_0050,1,LOWERREG,0.00090248,0.00000000,1,0
D,FPP,CONSTRAINT_FREQ_MEASURE,1,"2025/05/02 17:40:00","2025/05/02 17:35:56",F_T+RREG_0050,1,RAISEREG,0.00090248,0.00000000,1,0
D,FPP,CONSTRAINT_FREQ_MEASURE,1,"2025/05/02 17:40:00","2025/05/02 17:35:56",F_TASCAP_LREG_0210,1,LOWERREG,0.00000000,-0.00613349,1,0
D,FPP,CONSTRAINT_FREQ_MEASURE,1,"2025/05/02 17:40:00","2025/05/02 17:36:00",F_MAIN++NIL_MG_R5,1,RAISEREG,0.00000000,-0.00549905,1,0
D,FPP,CONSTRAINT_FREQ_MEASURE,1,"2025/05/02 17:40:00","2025/05/02 17:36:00",F_T+LREG_0050,1,LOWERREG,0.00559082,0.00000000,1,0
D,FPP,CONSTRAINT_FREQ_MEASURE,1,"2025/05/02 17:40:00","2025/05/02 17:36:00",F_T+RREG_0050,1,RAISEREG,0.00559082,0.00000000,1,0
D,FPP,CONSTRAINT_FREQ_MEASURE,1,"2025/05/02 17:40:00","2025/05/02 17:36:00",F_TASCAP_LREG_0210,1,LOWERREG,0.00000000,-0.00549905,1,0
D,FPP,CONSTRAINT_FREQ_MEASURE,1,"2025/05/02 17:40:00","2025/05/02 17:36:04",F_MAIN++NIL_MG_R5,1,RAISEREG,0.00000000,-0.00208204,1,0
D,FPP,CONSTRAINT_FREQ_MEASURE,1,"2025/05/02 17:40:00","2025/05/02 17:36:04",F_T+LREG_0050,1,LOWERREG,0.00190397,0.00000000,1,0
D,FPP,CONSTRAINT_FREQ_MEASURE,1,"2025/05/02 17:40:00","2025/05/02 17:36:04",F_T+RREG_0050,1,RAISEREG,0.00190397,0.00000000,1,0
D,FPP,CONSTRAINT_FREQ_MEASURE,1,"2025/05/02 17:40:00","2025/05/02 17:36:04",F_TASCAP_LREG_0210,1,LOWERREG,0.00000000,-0.00208204,1,0
D,FPP,CONSTRAINT_FREQ_MEASURE,1,"2025/05/02 17:40:00","2025/05/02 17:36:08",F_MAIN++NIL_MG_R5,1,RAISEREG,0.00077735,0.00000000,1,0
D,FPP,CONSTRAINT_FREQ_MEASURE,1,"2025/05/02 17:40:00","2025/05/02 17:36:08",F_T+LREG_0050,1,LOWERREG,0.00000000,-0.00629691,1,0
D,FPP,CONSTRAINT_FREQ_MEASURE,1,"2025/05/02 17:40:00","2025/05/02 17:36:08",F_T+RREG_0050,1,RAISEREG,0.00000000,-0.00629691,1,0
D,FPP,CONSTRAINT_FREQ_MEASURE,1,"2025/05/02 17:40:00","2025/05/02 17:36:08",F_TASCAP_LREG_0210,1,LOWERREG,0.00077735,0.00000000,1,0
D,FPP,CONSTRAINT_FREQ_MEASURE,1,"2025/05/02 17:40:00","2025/05/02 17:36:12",F_MAIN++NIL_MG_R5,1,RAISEREG,0.00468909,0.00000000,1,0
D,FPP,CONSTRAINT_FREQ_MEASURE,1,"2025/05/02 17:40:00","2025/05/02 17:36:12",F_T+LREG_0050,1,LOWERREG,0.00000000,-0.00667537,1,0
D,FPP,CONSTRAINT_FREQ_MEASURE,1,"2025/05/02 17:40:00","2025/05/02 17:36:12",F_T+RREG_0050,1,RAISEREG,0.00000000,-0.00667537,1,0
D,FPP,CONSTRAINT_FREQ_MEASURE,1,"2025/05/02 17:40:00","2025/05/02 17:36:12",F_TASCAP_LREG_0210,1,LOWERREG,0.00468909,0.00000000,1,0
D,FPP,CONSTRAINT_FREQ_MEASURE,1,"2025/05/02 17:40:00","2025/05/02 17:36:16",F_MAIN++NIL_MG_R5,1,RAISEREG,0.00532454,0.00000000,1,0
D,FPP,CONSTRAINT_FREQ_MEASURE,1,"2025/05/02 17:40:00","2025/05/02 17:36:16",F_T+LREG_0050,1,LOWERREG,0.00000000,-0.00030307,1,0
D,FPP,CONSTRAINT_FREQ_MEASURE,1,"2025/05/02 17:40:00","2025/05/02 17:36:16",F_T+RREG_0050,1,RAISEREG,0.00000000,-0.00030307,1,0
D,FPP,CONSTRAINT_FREQ_MEASURE,1,"2025/05/02 17:40:00","2025/05/02 17:36:16",F_TASCAP_LREG_0210,1,LOWERREG,0.00532454,0.00000000,1,0
D,FPP,CONSTRAINT_FREQ_MEASURE,1,"2025/05/02 17:40:00","2025/05/02 17:36:20",F_MAIN++NIL_MG_R5,1,RAISEREG,0.00195153,0.00000000,1,0
D,FPP,CONSTRAINT_FREQ_MEASURE,1,"2025/05/02 17:40:00","2025/05/02 17:36:20",F_T+LREG_0050,1,LOWERREG,0.00687539,0.00000000,1,0
D,FPP,CONSTRAINT_FREQ_MEASURE,1,"2025/05/02 17:40:00","2025/05/02 17:36:20",F_T+RREG_0050,1,RAISEREG,0.00687539,0.00000000,1,0
D,FPP,CONSTRAINT_FREQ_MEASURE,1,"2025/05/02 17:40:00","2025/05/02 17:36:20",F_TASCAP_LREG_0210,1,LOWERREG,0.00195153,0.00000000,1,0
D,FPP,CONSTRAINT_FREQ_MEASURE,1,"2025/05/02 17:40:00","2025/05/02 17:36:24",F_MAIN++NIL_MG_R5,1,RAISEREG,0.00000000,-0.00409459,1,0
D,FPP,CONSTRAINT_FREQ_MEASURE,1,"2025/05/02 17:40:00","2025/05/02 17:36:24",F_T+LREG_0050,1,LOWERREG,0.01201419,0.00000000,1,0
D,FPP,CONSTRAINT_FREQ_MEASURE,1,"2025/05/02 17:40:00","2025/05/02 17:36:24",F_T+RREG_0050,1,RAISEREG,0.01201419,0.00000000,1,0
D,FPP,CONSTRAINT_FREQ_MEASURE,1,"2025/05/02 17:40:00","2025/05/02 17:36:24",F_TASCAP_LREG_0210,1,LOWERREG,0.00000000,-0.00409459,1,0
D,FPP,CONSTRAINT_FREQ_MEASURE,1,"2025/05/02 17:40:00","2025/05/02 17:36:28",F_MAIN++NIL_MG_R5,1,RAISEREG,0.00000000,-0.00876271,1,0
D,FPP,CONSTRAINT_FREQ_MEASURE,1,"2025/05/02 17:40:00","2025/05/02 17:36:28",F_T+LREG_0050,1,LOWERREG,0.00378881,0.00000000,1,0
D,FPP,CONSTRAINT_FREQ_MEASURE,1,"2025/05/02 17:40:00","2025/05/02 17:36:28",F_T+RREG_0050,1,RAISEREG,0.00378881,0.00000000,1,0
D,FPP,CONSTRAINT_FREQ_MEASURE,1,"2025/05/02 17:40:00","2025/05/02 17:36:28",F_TASCAP_LREG_0210,1,LOWERREG,0.00000000,-0.00876271,1,0
D,FPP,CONSTRAINT_FREQ_MEASURE,1,"2025/05/02 17:40:00","2025/05/02 17:36:32",F_MAIN++NIL_MG_R5,1,RAISEREG,0.00000000,-0.01374595,1,0
D,FPP,CONSTRAINT_FREQ_MEASURE,1,"2025/05/02 17:40:00","2025/05/02 17:36:32",F_T+LREG_0050,1,LOWERREG,0.00000000,-0.00749759,1,0
D,FPP,CONSTRAINT_FREQ_MEASURE,1,"2025/05/02 17:40:00","2025/05/02 17:36:32",F_T+RREG_0050,1,RAISEREG,0.00000000,-0.00749759,1,0
D,FPP,CONSTRAINT_FREQ_MEASURE,1,"2025/05/02 17:40:00","2025/05/02 17:36:32",F_TASCAP_LREG_0210,1,LOWERREG,0.00000000,-0.01374595,1,0
D,FPP,CONSTRAINT_FREQ_MEASURE,1,"2025/05/02 17:40:00","2025/05/02 17:36:36",F_MAIN++NIL_MG_R5,1,RAISEREG,0.00000000,-0.01492733,1,0
D,FPP,CONSTRAINT_FREQ_MEASURE,1,"2025/05/02 17:40:00","2025/05/02 17:36:36",F_T+LREG_0050,1,LOWERREG,0.00000000,-0.01627590,1,0
D,FPP,CONSTRAINT_FREQ_MEASURE,1,"2025/05/02 17:40:00","2025/05/02 17:36:36",F_T+RREG_0050,1,RAISEREG,0.00000000,-0.01627590,1,0
D,FPP,CONSTRAINT_FREQ_MEASURE,1,"2025/05/02 17:40:00","2025/05/02 17:36:36",F_TASCAP_LREG_0210,1,LOWERREG,0.00000000,-0.01492733,1,0
D,FPP,CONSTRAINT_FREQ_MEASURE,1,"2025/05/02 17:40:00","2025/05/02 17:36:40",F_MAIN++NIL_MG_R5,1,RAISEREG,0.00000000,-0.01582397,1,0
D,FPP,CONSTRAINT_FREQ_MEASURE,1,"2025/05/02 17:40:00","2025/05/02 17:36:40",F_T+LREG_0050,1,LOWERREG,0.00000000,-0.01665903,1,0
D,FPP,CONSTRAINT_FREQ_MEASURE,1,"2025/05/02 17:40:00","2025/05/02 17:36:40",F_T+RREG_0050,1,RAISEREG,0.00000000,-0.01665903,1,0
D,FPP,CONSTRAINT_FREQ_MEASURE,1,"2025/05/02 17:40:00","2025/05/02 17:36:40",F_TASCAP_LREG_0210,1,LOWERREG,0.00000000,-0.01582397,1,0
D,FPP,CONSTRAINT_FREQ_MEASURE,1,"2025/05/02 17:40:00","2025/05/02 17:36:44",F_MAIN++NIL_MG_R5,1,RAISEREG,0.00000000,-0.01403319,1,0
D,FPP,CONSTRAINT_FREQ_MEASURE,1,"2025/05/02 17:40:00","2025/05/02 17:36:44",F_T+LREG_0050,1,LOWERREG,0.00000000,-0.01051258,1,0
D,FPP,CONSTRAINT_FREQ_MEASURE,1,"2025/05/02 17:40:00","2025/05/02 17:36:44",F_T+RREG_0050,1,RAISEREG,0.00000000,-0.01051258,1,0
D,FPP,CONSTRAINT_FREQ_MEASURE,1,"2025/05/02 17:40:00","2025/05/02 17:36:44",F_TASCAP_LREG_0210,1,LOWERREG,0.00000000,-0.01403319,1,0
D,FPP,CONSTRAINT_FREQ_MEASURE,1,"2025/05/02 17:40:00","2025/05/02 17:36:48",F_MAIN++NIL_MG_R5,1,RAISEREG,0.00000000,-0.01198964,1,0
D,FPP,CONSTRAINT_FREQ_MEASURE,1,"2025/05/02 17:40:00","2025/05/02 17:36:48",F_T+LREG_0050,1,LOWERREG,0.00000000,-0.00595423,1,0
D,FPP,CONSTRAINT_FREQ_MEASURE,1,"2025/05/02 17:40:00","2025/05/02 17:36:48",F_T+RREG_0050,1,RAISEREG,0.00000000,-0.00595423,1,0
D,FPP,CONSTRAINT_FREQ_MEASURE,1,"2025/05/02 17:40:00","2025/05/02 17:36:48",F_TASCAP_LREG_0210,1,LOWERREG,0.00000000,-0.01198964,1,0
D,FPP,CONSTRAINT_FREQ_MEASURE,1,"2025/05/02 17:40:00","2025/05/02 17:36:52",F_MAIN++NIL_MG_R5,1,RAISEREG,0.00000000,-0.01402367,1,0
D,FPP,CONSTRAINT_FREQ_MEASURE,1,"2025/05/02 17:40:00","2025/05/02 17:36:52",F_T+LREG_0050,1,LOWERREG,0.00000000,-0.00285329,1,0
D,FPP,CONSTRAINT_FREQ_MEASURE,1,"2025/05/02 17:40:00","2025/05/02 17:36:52",F_T+RREG_0050,1,RAISEREG,0.00000000,-0.00285329,1,0
D,FPP,CONSTRAINT_FREQ_MEASURE,1,"2025/05/02 17:40:00","2025/05/02 17:36:52",F_TASCAP_LREG_0210,1,LOWERREG,0.00000000,-0.01402367,1,0
D,FPP,CONSTRAINT_FREQ_MEASURE,1,"2025/05/02 17:40:00","2025/05/02 17:36:56",F_MAIN++NIL_MG_R5,1,RAISEREG,0.00000000,-0.01689663,1,0
D,FPP,CONSTRAINT_FREQ_MEASURE,1,"2025/05/02 17:40:00","2025/05/02 17:36:56",F_T+LREG_0050,1,LOWERREG,0.00000000,-0.00177478,1,0
D,FPP,CONSTRAINT_FREQ_MEASURE,1,"2025/05/02 17:40:00","2025/05/02 17:36:56",F_T+RREG_0050,1,RAISEREG,0.00000000,-0.00177478,1,0
D,FPP,CONSTRAINT_FREQ_MEASURE,1,"2025/05/02 17:40:00","2025/05/02 17:36:56",F_TASCAP_LREG_0210,1,LOWERREG,0.00000000,-0.01689663,1,0
D,FPP,CONSTRAINT_FREQ_MEASURE,1,"2025/05/02 17:40:00","2025/05/02 17:37:00",F_MAIN++NIL_MG_R5,1,RAISEREG,0.00000000,-0.01806309,1,0
D,FPP,CONSTRAINT_FREQ_MEASURE,1,"2025/05/02 17:40:00","2025/05/02 17:37:00",F_T+LREG_0050,1,LOWERREG,0.00000000,-0.00449150,1,0
D,FPP,CONSTRAINT_FREQ_MEASURE,1,"2025/05/02 17:40:00","2025/05/02 17:37:00",F_T+RREG_0050,1,RAISEREG,0.00000000,-0.00449150,1,0
D,FPP,CONSTRAINT_FREQ_MEASURE,1,"2025/05/02 17:40:00","2025/05/02 17:37:00",F_TASCAP_LREG_0210,1,LOWERREG,0.00000000,-0.01806309,1,0
D,FPP,CONSTRAINT_FREQ_MEASURE,1,"2025/05/02 17:40:00","2025/05/02 17:37:04",F_MAIN++NIL_MG_R5,1,RAISEREG,0.00000000,-0.01977607,1,0
D,FPP,CONSTRAINT_FREQ_MEASURE,1,"2025/05/02 17:40:00","2025/05/02 17:37:04",F_T+LREG_0050,1,LOWERREG,0.00000000,-0.00771561,1,0
D,FPP,CONSTRAINT_FREQ_MEASURE,1,"2025/05/02 17:40:00","2025/05/02 17:37:04",F_T+RREG_0050,1,RAISEREG,0.00000000,-0.00771561,1,0
D,FPP,CONSTRAINT_FREQ_MEASURE,1,"2025/05/02 17:40:00","2025/05/02 17:37:04",F_TASCAP_LREG_0210,1,LOWERREG,0.00000000,-0.01977607,1,0
D,FPP,CONSTRAINT_FREQ_MEASURE,1,"2025/05/02 17:40:00","2025/05/02 17:37:08",F_MAIN++NIL_MG_R5,1,RAISEREG,0.00000000,-0.02085677,1,0
D,FPP,CONSTRAINT_FREQ_MEASURE,1,"2025/05/02 17:40:00","2025/05/02 17:37:08",F_T+LREG_0050,1,LOWERREG,0.00000000,-0.00822325,1,0
D,FPP,CONSTRAINT_FREQ_MEASURE,1,"2025/05/02 17:40:00","2025/05/02 17:37:08",F_T+RREG_0050,1,RAISEREG,0.00000000,-0.00822325,1,0
D,FPP,CONSTRAINT_FREQ_MEASURE,1,"2025/05/02 17:40:00","2025/05/02 17:37:08",F_TASCAP_LREG_0210,1,LOWERREG,0.00000000,-0.02085677,1,0
D,FPP,CONSTRAINT_FREQ_MEASURE,1,"2025/05/02 17:40:00","2025/05/02 17:37:12",F_MAIN++NIL_MG_R5,1,RAISEREG,0.00000000,-0.02200940,1,0
D,FPP,CONSTRAINT_FREQ_MEASURE,1,"2025/05/02 17:40:00","2025/05/02 17:37:12",F_T+LREG_0050,1,LOWERREG,0.00000000,-0.00684031,1,0
D,FPP,CONSTRAINT_FREQ_MEASURE,1,"2025/05/02 17:40:00","2025/05/02 17:37:12",F_T+RREG_0050,1,RAISEREG,0.00000000,-0.00684031,1,0
D,FPP,CONSTRAINT_FREQ_MEASURE,1,"2025/05/02 17:40:00","2025/05/02 17:37:12",F_TASCAP_LREG_0210,1,LOWERREG,0.00000000,-0.02200940,1,0
D,FPP,CONSTRAINT_FREQ_MEASURE,1,"2025/05/02 17:40:00","2025/05/02 17:37:16",F_MAIN++NIL_MG_R5,1,RAISEREG,0.00000000,-0.02105641,1,0
D,FPP,CONSTRAINT_FREQ_MEASURE,1,"2025/05/02 17:40:00","2025/05/02 17:37:16",F_T+LREG_0050,1,LOWERREG,0.00000000,-0.01176469,1,0
D,FPP,CONSTRAINT_FREQ_MEASURE,1,"2025/05/02 17:40:00","2025/05/02 17:37:16",F_T+RREG_0050,1,RAISEREG,0.00000000,-0.01176469,1,0
D,FPP,CONSTRAINT_FREQ_MEASURE,1,"2025/05/02 17:40:00","2025/05/02 17:37:16",F_TASCAP_LREG_0210,1,LOWERREG,0.00000000,-0.02105641,1,0
D,FPP,CONSTRAINT_FREQ_MEASURE,1,"2025/05/02 17:40:00","2025/05/02 17:37:20",F_MAIN++NIL_MG_R5,1,RAISEREG,0.00000000,-0.01948928,1,0
D,FPP,CONSTRAINT_FREQ_MEASURE,1,"2025/05/02 17:40:00","2025/05/02 17:37:20",F_T+LREG_0050,1,LOWERREG,0.00000000,-0.02359476,1,0
D,FPP,CONSTRAINT_FREQ_MEASURE,1,"2025/05/02 17:40:00","2025/05/02 17:37:20",F_T+RREG_0050,1,RAISEREG,0.00000000,-0.02359476,1,0
D,FPP,CONSTRAINT_FREQ_MEASURE,1,"2025/05/02 17:40:00","2025/05/02 17:37:20",F_TASCAP_LREG_0210,1,LOWERREG,0.00000000,-0.01948928,1,0
D,FPP,CONSTRAINT_FREQ_MEASURE,1,"2025/05/02 17:40:00","2025/05/02 17:37:24",F_MAIN++NIL_MG_R5,1,RAISEREG,0.00000000,-0.01853863,1,0
D,FPP,CONSTRAINT_FREQ_MEASURE,1,"2025/05/02 17:40:00","2025/05/02 17:37:24",F_T+LREG_0050,1,LOWERREG,0.00000000,-0.02746259,1,0
D,FPP,CONSTRAINT_FREQ_MEASURE,1,"2025/05/02 17:40:00","2025/05/02 17:37:24",F_T+RREG_0050,1,RAISEREG,0.00000000,-0.02746259,1,0
D,FPP,CONSTRAINT_FREQ_MEASURE,1,"2025/05/02 17:40:00","2025/05/02 17:37:24",F_TASCAP_LREG_0210,1,LOWERREG,0.00000000,-0.01853863,1,0
D,FPP,CONSTRAINT_FREQ_MEASURE,1,"2025/05/02 17:40:00","2025/05/02 17:37:28",F_MAIN++NIL_MG_R5,1,RAISEREG,0.00000000,-0.01860220,1,0
D,FPP,CONSTRAINT_FREQ_MEASURE,1,"2025/05/02 17:40:00","2025/05/02 17:37:28",F_T+LREG_0050,1,LOWERREG,0.00000000,-0.01869313,1,0
D,FPP,CONSTRAINT_FREQ_MEASURE,1,"2025/05/02 17:40:00","2025/05/02 17:37:28",F_T+RREG_0050,1,RAISEREG,0.00000000,-0.01869313,1,0
D,FPP,CONSTRAINT_FREQ_MEASURE,1,"2025/05/02 17:40:00","2025/05/02 17:37:28",F_TASCAP_LREG_0210,1,LOWERREG,0.00000000,-0.01860220,1,0
D,FPP,CONSTRAINT_FREQ_MEASURE,1,"2025/05/02 17:40:00","2025/05/02 17:37:32",F_MAIN++NIL_MG_R5,1,RAISEREG,0.00000000,-0.01728162,1,0
D,FPP,CONSTRAINT_FREQ_MEASURE,1,"2025/05/02 17:40:00","2025/05/02 17:37:32",F_T+LREG_0050,1,LOWERREG,0.00000000,-0.00876132,1,0
D,FPP,CONSTRAINT_FREQ_MEASURE,1,"2025/05/02 17:40:00","2025/05/02 17:37:32",F_T+RREG_0050,1,RAISEREG,0.00000000,-0.00876132,1,0
D,FPP,CONSTRAINT_FREQ_MEASURE,1,"2025/05/02 17:40:00","2025/05/02 17:37:32",F_TASCAP_LREG_0210,1,LOWERREG,0.00000000,-0.01728162,1,0
D,FPP,CONSTRAINT_FREQ_MEASURE,1,"2025/05/02 17:40:00","2025/05/02 17:37:36",F_MAIN++NIL_MG_R5,1,RAISEREG,0.00000000,-0.01679184,1,0
D,FPP,CONSTRAINT_FREQ_MEASURE,1,"2025/05/02 17:40:00","2025/05/02 17:37:36",F_T+LREG_0050,1,LOWERREG,0.00000000,-0.00592547,1,0
D,FPP,CONSTRAINT_FREQ_MEASURE,1,"2025/05/02 17:40:00","2025/05/02 17:37:36",F_T+RREG_0050,1,RAISEREG,0.00000000,-0.00592547,1,0
D,FPP,CONSTRAINT_FREQ_MEASURE,1,"2025/05/02 17:40:00","2025/05/02 17:37:36",F_TASCAP_LREG_0210,1,LOWERREG,0.00000000,-0.01679184,1,0
D,FPP,CONSTRAINT_FREQ_MEASURE,1,"2025/05/02 17:40:00","2025/05/02 17:37:40",F_MAIN++NIL_MG_R5,1,RAISEREG,0.00000000,-0.01602217,1,0
D,FPP,CONSTRAINT_FREQ_MEASURE,1,"2025/05/02 17:40:00","2025/05/02 17:37:40",F_T+LREG_0050,1,LOWERREG,0.00000000,-0.01016425,1,0
D,FPP,CONSTRAINT_FREQ_MEASURE,1,"2025/05/02 17:40:00","2025/05/02 17:37:40",F_T+RREG_0050,1,RAISEREG,0.00000000,-0.01016425,1,0
D,FPP,CONSTRAINT_FREQ_MEASURE,1,"2025/05/02 17:40:00","2025/05/02 17:37:40",F_TASCAP_LREG_0210,1,LOWERREG,0.00000000,-0.01602217,1,0
D,FPP,CONSTRAINT_FREQ_MEASURE,1,"2025/05/02 17:40:00","2025/05/02 17:37:44",F_MAIN++NIL_MG_R5,1,RAISEREG,0.00000000,-0.01378396,1,0
D,FPP,CONSTRAINT_FREQ_MEASURE,1,"2025/05/02 17:40:00","2025/05/02 17:37:44",F_T+LREG_0050,1,LOWERREG,0.00000000,-0.01990553,1,0
D,FPP,CONSTRAINT_FREQ_MEASURE,1,"2025/05/02 17:40:00","2025/05/02 17:37:44",F_T+RREG_0050,1,RAISEREG,0.00000000,-0.01990553,1,0
D,FPP,CONSTRAINT_FREQ_MEASURE,1,"2025/05/02 17:40:00","2025/05/02 17:37:44",F_TASCAP_LREG_0210,1,LOWERREG,0.00000000,-0.01378396,1,0
D,FPP,CONSTRAINT_FREQ_MEASURE,1,"2025/05/02 17:40:00","2025/05/02 17:37:48",F_MAIN++NIL_MG_R5,1,RAISEREG,0.00000000,-0.00939304,1,0
D,FPP,CONSTRAINT_FREQ_MEASURE,1,"2025/05/02 17:40:00","2025/05/02 17:37:48",F_T+LREG_0050,1,LOWERREG,0.00000000,-0.02481541,1,0
D,FPP,CONSTRAINT_FREQ_MEASURE,1,"2025/05/02 17:40:00","2025/05/02 17:37:48",F_T+RREG_0050,1,RAISEREG,0.00000000,-0.02481541,1,0
D,FPP,CONSTRAINT_FREQ_MEASURE,1,"2025/05/02 17:40:00","2025/05/02 17:37:48",F_TASCAP_LREG_0210,1,LOWERREG,0.00000000,-0.00939304,1,0
D,FPP,CONSTRAINT_FREQ_MEASURE,1,"2025/05/02 17:40:00","2025/05/02 17:37:52",F_MAIN++NIL_MG_R5,1,RAISEREG,0.00000000,-0.00702482,1,0
D,FPP,CONSTRAINT_FREQ_MEASURE,1,"2025/05/02 17:40:00","2025/05/02 17:37:52",F_T+LREG_0050,1,LOWERREG,0.00000000,-0.01930087,1,0
D,FPP,CONSTRAINT_FREQ_MEASURE,1,"2025/05/02 17:40:00","2025/05/02 17:37:52",F_T+RREG_0050,1,RAISEREG,0.00000000,-0.01930087,1,0
D,FPP,CONSTRAINT_FREQ_MEASURE,1,"2025/05/02 17:40:00","2025/05/02 17:37:52",F_TASCAP_LREG_0210,1,LOWERREG,0.00000000,-0.00702482,1,0
D,FPP,CONSTRAINT_FREQ_MEASURE,1,"2025/05/02 17:40:00","2025/05/02 17:37:56",F_MAIN++NIL_MG_R5,1,RAISEREG,0.00000000,-0.00863565,1,0
D,FPP,CONSTRAINT_FREQ_MEASURE,1,"2025/05/02 17:40:00","2025/05/02 17:37:56",F_T+LREG_0050,1,LOWERREG,0.00000000,-0.00656734,1,0
D,FPP,CONSTRAINT_FREQ_MEASURE,1,"2025/05/02 17:40:00","2025/05/02 17:37:56",F_T+RREG_0050,1,RAISEREG,0.00000000,-0.00656734,1,0
D,FPP,CONSTRAINT_FREQ_MEASURE,1,"2025/05/02 17:40:00","2025/05/02 17:37:56",F_TASCAP_LREG_0210,1,LOWERREG,0.00000000,-0.00863565,1,0
D,FPP,CONSTRAINT_FREQ_MEASURE,1,"2025/05/02 17:40:00","2025/05/02 17:38:00",F_MAIN++NIL_MG_R5,1,RAISEREG,0.00000000,-0.00916590,1,0
D,FPP,CONSTRAINT_FREQ_MEASURE,1,"2025/05/02 17:40:00","2025/05/02 17:38:00",F_T+LREG_0050,1,LOWERREG,0.00622540,0.00000000,1,0
D,FPP,CONSTRAINT_FREQ_MEASURE,1,"2025/05/02 17:40:00","2025/05/02 17:38:00",F_T+RREG_0050,1,RAISEREG,0.00622540,0.00000000,1,0
D,FPP,CONSTRAINT_FREQ_MEASURE,1,"2025/05/02 17:40:00","2025/05/02 17:38:00",F_TASCAP_LREG_0210,1,LOWERREG,0.00000000,-0.00916590,1,0
D,FPP,CONSTRAINT_FREQ_MEASURE,1,"2025/05/02 17:40:00","2025/05/02 17:38:04",F_MAIN++NIL_MG_R5,1,RAISEREG,0.00000000,-0.00905216,1,0
D,FPP,CONSTRAINT_FREQ_MEASURE,1,"2025/05/02 17:40:00","2025/05/02 17:38:04",F_T+LREG_0050,1,LOWERREG,0.00284198,0.00000000,1,0
D,FPP,CONSTRAINT_FREQ_MEASURE,1,"2025/05/02 17:40:00","2025/05/02 17:38:04",F_T+RREG_0050,1,RAISEREG,0.00284198,0.00000000,1,0
D,FPP,CONSTRAINT_FREQ_MEASURE,1,"2025/05/02 17:40:00","2025/05/02 17:38:04",F_TASCAP_LREG_0210,1,LOWERREG,0.00000000,-0.00905216,1,0
D,FPP,CONSTRAINT_FREQ_MEASURE,1,"2025/05/02 17:40:00","2025/05/02 17:38:08",F_MAIN++NIL_MG_R5,1,RAISEREG,0.00000000,-0.00805194,1,0
D,FPP,CONSTRAINT_FREQ_MEASURE,1,"2025/05/02 17:40:00","2025/05/02 17:38:08",F_T+LREG_0050,1,LOWERREG,0.00000000,-0.00867846,1,0
D,FPP,CONSTRAINT_FREQ_MEASURE,1,"2025/05/02 17:40:00","2025/05/02 17:38:08",F_T+RREG_0050,1,RAISEREG,0.00000000,-0.00867846,1,0
D,FPP,CONSTRAINT_FREQ_MEASURE,1,"2025/05/02 17:40:00","2025/05/02 17:38:08",F_TASCAP_LREG_0210,1,LOWERREG,0.00000000,-0.00805194,1,0
D,FPP,CONSTRAINT_FREQ_MEASURE,1,"2025/05/02 17:40:00","2025/05/02 17:38:12",F_MAIN++NIL_MG_R5,1,RAISEREG,0.00000000,-0.00450159,1,0
D,FPP,CONSTRAINT_FREQ_MEASURE,1,"2025/05/02 17:40:00","2025/05/02 17:38:12",F_T+LREG_0050,1,LOWERREG,0.00000000,-0.01697214,1,0
D,FPP,CONSTRAINT_FREQ_MEASURE,1,"2025/05/02 17:40:00","2025/05/02 17:38:12",F_T+RREG_0050,1,RAISEREG,0.00000000,-0.01697214,1,0
D,FPP,CONSTRAINT_FREQ_MEASURE,1,"2025/05/02 17:40:00","2025/05/02 17:38:12",F_TASCAP_LREG_0210,1,LOWERREG,0.00000000,-0.00450159,1,0
D,FPP,CONSTRAINT_FREQ_MEASURE,1,"2025/05/02 17:40:00","2025/05/02 17:38:16",F_MAIN++NIL_MG_R5,1,RAISEREG,0.00000000,-0.00111300,1,0
D,FPP,CONSTRAINT_FREQ_MEASURE,1,"2025/05/02 17:40:00","2025/05/02 17:38:16",F_T+LREG_0050,1,LOWERREG,0.00000000,-0.01297833,1,0
D,FPP,CONSTRAINT_FREQ_MEASURE,1,"2025/05/02 17:40:00","2025/05/02 17:38:16",F_T+RREG_0050,1,RAISEREG,0.00000000,-0.01297833,1,0
D,FPP,CONSTRAINT_FREQ_MEASURE,1,"2025/05/02 17:40:00","2025/05/02 17:38:16",F_TASCAP_LREG_0210,1,LOWERREG,0.00000000,-0.00111300,1,0
D,FPP,CONSTRAINT_FREQ_MEASURE,1,"2025/05/02 17:40:00","2025/05/02 17:38:20",F_MAIN++NIL_MG_R5,1,RAISEREG,0.00159278,0.00000000,1,0
D,FPP,CONSTRAINT_FREQ_MEASURE,1,"2025/05/02 17:40:00","2025/05/02 17:38:20",F_T+LREG_0050,1,LOWERREG,0.00000000,-0.00431648,1,0
D,FPP,CONSTRAINT_FREQ_MEASURE,1,"2025/05/02 17:40:00","2025/05/02 17:38:20",F_T+RREG_0050,1,RAISEREG,0.00000000,-0.00431648,1,0
D,FPP,CONSTRAINT_FREQ_MEASURE,1,"2025/05/02 17:40:00","2025/05/02 17:38:20",F_TASCAP_LREG_0210,1,LOWERREG,0.00159278,0.00000000,1,0
D,FPP,CONSTRAINT_FREQ_MEASURE,1,"2025/05/02 17:40:00","2025/05/02 17:38:24",F_MAIN++NIL_MG_R5,1,RAISEREG,0.00611059,0.00000000,1,0
D,FPP,CONSTRAINT_FREQ_MEASURE,1,"2025/05/02 17:40:00","2025/05/02 17:38:24",F_T+LREG_0050,1,LOWERREG,0.00375385,0.00000000,1,0
D,FPP,CONSTRAINT_FREQ_MEASURE,1,"2025/05/02 17:40:00","2025/05/02 17:38:24",F_T+RREG_0050,1,RAISEREG,0.00375385,0.00000000,1,0
D,FPP,CONSTRAINT_FREQ_MEASURE,1,"2025/05/02 17:40:00","2025/05/02 17:38:24",F_TASCAP_LREG_0210,1,LOWERREG,0.00611059,0.00000000,1,0
D,FPP,CONSTRAINT_FREQ_MEASURE,1,"2025/05/02 17:40:00","2025/05/02 17:38:28",F_MAIN++NIL_MG_R5,1,RAISEREG,0.00975273,0.00000000,1,0
D,FPP,CONSTRAINT_FREQ_MEASURE,1,"2025/05/02 17:40:00","2025/05/02 17:38:28",F_T+LREG_0050,1,LOWERREG,0.00603077,0.00000000,1,0
D,FPP,CONSTRAINT_FREQ_MEASURE,1,"2025/05/02 17:40:00","2025/05/02 17:38:28",F_T+RREG_0050,1,RAISEREG,0.00603077,0.00000000,1,0
D,FPP,CONSTRAINT_FREQ_MEASURE,1,"2025/05/02 17:40:00","2025/05/02 17:38:28",F_TASCAP_LREG_0210,1,LOWERREG,0.00975273,0.00000000,1,0
D,FPP,CONSTRAINT_FREQ_MEASURE,1,"2025/05/02 17:40:00","2025/05/02 17:38:32",F_MAIN++NIL_MG_R5,1,RAISEREG,0.00846478,0.00000000,1,0
D,FPP,CONSTRAINT_FREQ_MEASURE,1,"2025/05/02 17:40:00","2025/05/02 17:38:32",F_T+LREG_0050,1,LOWERREG,0.01157949,0.00000000,1,0
D,FPP,CONSTRAINT_FREQ_MEASURE,1,"2025/05/02 17:40:00","2025/05/02 17:38:32",F_T+RREG_0050,1,RAISEREG,0.01157949,0.00000000,1,0
D,FPP,CONSTRAINT_FREQ_MEASURE,1,"2025/05/02 17:40:00","2025/05/02 17:38:32",F_TASCAP_LREG_0210,1,LOWERREG,0.00846478,0.00000000,1,0
D,FPP,CONSTRAINT_FREQ_MEASURE,1,"2025/05/02 17:40:00","2025/05/02 17:38:36",F_MAIN++NIL_MG_R5,1,RAISEREG,0.00222366,0.00000000,1,0
D,FPP,CONSTRAINT_FREQ_MEASURE,1,"2025/05/02 17:40:00","2025/05/02 17:38:36",F_T+LREG_0050,1,LOWERREG,0.02189516,0.00000000,1,0
D,FPP,CONSTRAINT_FREQ_MEASURE,1,"2025/05/02 17:40:00","2025/05/02 17:38:36",F_T+RREG_0050,1,RAISEREG,0.02189516,0.00000000,1,0
D,FPP,CONSTRAINT_FREQ_MEASURE,1,"2025/05/02 17:40:00","2025/05/02 17:38:36",F_TASCAP_LREG_0210,1,LOWERREG,0.00222366,0.00000000,1,0
D,FPP,CONSTRAINT_FREQ_MEASURE,1,"2025/05/02 17:40:00","2025/05/02 17:38:40",F_MAIN++NIL_MG_R5,1,RAISEREG,0.00000000,-0.00498146,1,0
D,FPP,CONSTRAINT_FREQ_MEASURE,1,"2025/05/02 17:40:00","2025/05/02 17:38:40",F_T+LREG_0050,1,LOWERREG,0.02258512,0.00000000,1,0
D,FPP,CONSTRAINT_FREQ_MEASURE,1,"2025/05/02 17:40:00","2025/05/02 17:38:40",F_T+RREG_0050,1,RAISEREG,0.02258512,0.00000000,1,0
D,FPP,CONSTRAINT_FREQ_MEASURE,1,"2025/05/02 17:40:00","2025/05/02 17:38:40",F_TASCAP_LREG_0210,1,LOWERREG,0.00000000,-0.00498146,1,0
D,FPP,CONSTRAINT_FREQ_MEASURE,1,"2025/05/02 17:40:00","2025/05/02 17:38:44",F_MAIN++NIL_MG_R5,1,RAISEREG,0.00000000,-0.00946983,1,0
D,FPP,CONSTRAINT_FREQ_MEASURE,1,"2025/05/02 17:40:00","2025/05/02 17:38:44",F_T+LREG_0050,1,LOWERREG,0.01045509,0.00000000,1,0
D,FPP,CONSTRAINT_FREQ_MEASURE,1,"2025/05/02 17:40:00","2025/05/02 17:38:44",F_T+RREG_0050,1,RAISEREG,0.01045509,0.00000000,1,0
D,FPP,CONSTRAINT_FREQ_MEASURE,1,"2025/05/02 17:40:00","2025/05/02 17:38:44",F_TASCAP_LREG_0210,1,LOWERREG,0.00000000,-0.00946983,1,0
D,FPP,CONSTRAINT_FREQ_MEASURE,1,"2025/05/02 17:40:00","2025/05/02 17:38:48",F_MAIN++NIL_MG_R5,1,RAISEREG,0.00000000,-0.01108157,1,0
D,FPP,CONSTRAINT_FREQ_MEASURE,1,"2025/05/02 17:40:00","2025/05/02 17:38:48",F_T+LREG_0050,1,LOWERREG,0.00000000,-0.00586826,1,0
D,FPP,CONSTRAINT_FREQ_MEASURE,1,"2025/05/02 17:40:00","2025/05/02 17:38:48",F_T+RREG_0050,1,RAISEREG,0.00000000,-0.00586826,1,0
D,FPP,CONSTRAINT_FREQ_MEASURE,1,"2025/05/02 17:40:00","2025/05/02 17:38:48",F_TASCAP_LREG_0210,1,LOWERREG,0.00000000,-0.01108157,1,0
D,FPP,CONSTRAINT_FREQ_MEASURE,1,"2025/05/02 17:40:00","2025/05/02 17:38:52",F_MAIN++NIL_MG_R5,1,RAISEREG,0.00000000,-0.01214647,1,0
D,FPP,CONSTRAINT_FREQ_MEASURE,1,"2025/05/02 17:40:00","2025/05/02 17:38:52",F_T+LREG_0050,1,LOWERREG,0.00000000,-0.02011976,1,0
D,FPP,CONSTRAINT_FREQ_MEASURE,1,"2025/05/02 17:40:00","2025/05/02 17:38:52",F_T+RREG_0050,1,RAISEREG,0.00000000,-0.02011976,1,0
D,FPP,CONSTRAINT_FREQ_MEASURE,1,"2025/05/02 17:40:00","2025/05/02 17:38:52",F_TASCAP_LREG_0210,1,LOWERREG,0.00000000,-0.01214647,1,0
D,FPP,CONSTRAINT_FREQ_MEASURE,1,"2025/05/02 17:40:00","2025/05/02 17:38:56",F_MAIN++NIL_MG_R5,1,RAISEREG,0.00000000,-0.01366205,1,0
D,FPP,CONSTRAINT_FREQ_MEASURE,1,"2025/05/02 17:40:00","2025/05/02 17:38:56",F_T+LREG_0050,1,LOWERREG,0.00000000,-0.02231537,1,0
D,FPP,CONSTRAINT_FREQ_MEASURE,1,"2025/05/02 17:40:00","2025/05/02 17:38:56",F_T+RREG_0050,1,RAISEREG,0.00000000,-0.02231537,1,0
D,FPP,CONSTRAINT_FREQ_MEASURE,1,"2025/05/02 17:40:00","2025/05/02 17:38:56",F_TASCAP_LREG_0210,1,LOWERREG,0.00000000,-0.01366205,1,0
D,FPP,CONSTRAINT_FREQ_MEASURE,1,"2025/05/02 17:40:00","2025/05/02 17:39:00",F_MAIN++NIL_MG_R5,1,RAISEREG,0.00000000,-0.01528138,1,0
D,FPP,CONSTRAINT_FREQ_MEASURE,1,"2025/05/02 17:40:00","2025/05/02 17:39:00",F_T+LREG_0050,1,LOWERREG,0.00000000,-0.01668973,1,0
D,FPP,CONSTRAINT_FREQ_MEASURE,1,"2025/05/02 17:40:00","2025/05/02 17:39:00",F_T+RREG_0050,1,RAISEREG,0.00000000,-0.01668973,1,0
D,FPP,CONSTRAINT_FREQ_MEASURE,1,"2025/05/02 17:40:00","2025/05/02 17:39:00",F_TASCAP_LREG_0210,1,LOWERREG,0.00000000,-0.01528138,1,0
D,FPP,CONSTRAINT_FREQ_MEASURE,1,"2025/05/02 17:40:00","2025/05/02 17:39:04",F_MAIN++NIL_MG_R5,1,RAISEREG,0.00000000,-0.01729278,1,0
D,FPP,CONSTRAINT_FREQ_MEASURE,1,"2025/05/02 17:40:00","2025/05/02 17:39:04",F_T+LREG_0050,1,LOWERREG,0.00000000,-0.00942535,1,0
D,FPP,CONSTRAINT_FREQ_MEASURE,1,"2025/05/02 17:40:00","2025/05/02 17:39:04",F_T+RREG_0050,1,RAISEREG,0.00000000,-0.00942535,1,0
D,FPP,CONSTRAINT_FREQ_MEASURE,1,"2025/05/02 17:40:00","2025/05/02 17:39:04",F_TASCAP_LREG_0210,1,LOWERREG,0.00000000,-0.01729278,1,0
D,FPP,CONSTRAINT_FREQ_MEASURE,1,"2025/05/02 17:40:00","2025/05/02 17:39:08",F_MAIN++NIL_MG_R5,1,RAISEREG,0.00000000,-0.01959159,1,0
D,FPP,CONSTRAINT_FREQ_MEASURE,1,"2025/05/02 17:40:00","2025/05/02 17:39:08",F_T+LREG_0050,1,LOWERREG,0.00000000,-0.00533083,1,0
D,FPP,CONSTRAINT_FREQ_MEASURE,1,"2025/05/02 17:40:00","2025/05/02 17:39:08",F_T+RREG_0050,1,RAISEREG,0.00000000,-0.00533083,1,0
D,FPP,CONSTRAINT_FREQ_MEASURE,1,"2025/05/02 17:40:00","2025/05/02 17:39:08",F_TASCAP_LREG_0210,1,LOWERREG,0.00000000,-0.01959159,1,0
D,FPP,CONSTRAINT_FREQ_MEASURE,1,"2025/05/02 17:40:00","2025/05/02 17:39:12",F_MAIN++NIL_MG_R5,1,RAISEREG,0.00000000,-0.02160254,1,0
D,FPP,CONSTRAINT_FREQ_MEASURE,1,"2025/05/02 17:40:00","2025/05/02 17:39:12",F_T+LREG_0050,1,LOWERREG,0.00000000,-0.00281287,1,0
D,FPP,CONSTRAINT_FREQ_MEASURE,1,"2025/05/02 17:40:00","2025/05/02 17:39:12",F_T+RREG_0050,1,RAISEREG,0.00000000,-0.00281287,1,0
D,FPP,CONSTRAINT_FREQ_MEASURE,1,"2025/05/02 17:40:00","2025/05/02 17:39:12",F_TASCAP_LREG_0210,1,LOWERREG,0.00000000,-0.02160254,1,0
D,FPP,CONSTRAINT_FREQ_MEASURE,1,"2025/05/02 17:40:00","2025/05/02 17:39:16",F_MAIN++NIL_MG_R5,1,RAISEREG,0.00000000,-0.02320355,1,0
D,FPP,CONSTRAINT_FREQ_MEASURE,1,"2025/05/02 17:40:00","2025/05/02 17:39:16",F_T+LREG_0050,1,LOWERREG,0.00000000,-0.00085445,1,0
D,FPP,CONSTRAINT_FREQ_MEASURE,1,"2025/05/02 17:40:00","2025/05/02 17:39:16",F_T+RREG_0050,1,RAISEREG,0.00000000,-0.00085445,1,0
D,FPP,CONSTRAINT_FREQ_MEASURE,1,"2025/05/02 17:40:00","2025/05/02 17:39:16",F_TASCAP_LREG_0210,1,LOWERREG,0.00000000,-0.02320355,1,0
D,FPP,CONSTRAINT_FREQ_MEASURE,1,"2025/05/02 17:40:00","2025/05/02 17:39:20",F_MAIN++NIL_MG_R5,1,RAISEREG,0.00000000,-0.02344655,1,0
D,FPP,CONSTRAINT_FREQ_MEASURE,1,"2025/05/02 17:40:00","2025/05/02 17:39:20",F_T+LREG_0050,1,LOWERREG,0.00377987,0.00000000,1,0
D,FPP,CONSTRAINT_FREQ_MEASURE,1,"2025/05/02 17:40:00","2025/05/02 17:39:20",F_T+RREG_0050,1,RAISEREG,0.00377987,0.00000000,1,0
D,FPP,CONSTRAINT_FREQ_MEASURE,1,"2025/05/02 17:40:00","2025/05/02 17:39:20",F_TASCAP_LREG_0210,1,LOWERREG,0.00000000,-0.02344655,1,0
D,FPP,CONSTRAINT_FREQ_MEASURE,1,"2025/05/02 17:40:00","2025/05/02 17:39:24",F_MAIN++NIL_MG_R5,1,RAISEREG,0.00000000,-0.02144492,1,0
D,FPP,CONSTRAINT_FREQ_MEASURE,1,"2025/05/02 17:40:00","2025/05/02 17:39:24",F_T+LREG_0050,1,LOWERREG,0.00000000,-0.01083788,1,0
D,FPP,CONSTRAINT_FREQ_MEASURE,1,"2025/05/02 17:40:00","2025/05/02 17:39:24",F_T+RREG_0050,1,RAISEREG,0.00000000,-0.01083788,1,0
D,FPP,CONSTRAINT_FREQ_MEASURE,1,"2025/05/02 17:40:00","2025/05/02 17:39:24",F_TASCAP_LREG_0210,1,LOWERREG,0.00000000,-0.02144492,1,0
D,FPP,CONSTRAINT_FREQ_MEASURE,1,"2025/05/02 17:40:00","2025/05/02 17:39:28",F_MAIN++NIL_MG_R5,1,RAISEREG,0.00000000,-0.01884179,1,0
D,FPP,CONSTRAINT_FREQ_MEASURE,1,"2025/05/02 17:40:00","2025/05/02 17:39:28",F_T+LREG_0050,1,LOWERREG,0.00000000,-0.03687391,1,0
D,FPP,CONSTRAINT_FREQ_MEASURE,1,"2025/05/02 17:40:00","2025/05/02 17:39:28",F_T+RREG_0050,1,RAISEREG,0.00000000,-0.03687391,1,0
D,FPP,CONSTRAINT_FREQ_MEASURE,1,"2025/05/02 17:40:00","2025/05/02 17:39:28",F_TASCAP_LREG_0210,1,LOWERREG,0.00000000,-0.01884179,1,0
D,FPP,CONSTRAINT_FREQ_MEASURE,1,"2025/05/02 17:40:00","2025/05/02 17:39:32",F_MAIN++NIL_MG_R5,1,RAISEREG,0.00000000,-0.01850919,1,0
D,FPP,CONSTRAINT_FREQ_MEASURE,1,"2025/05/02 17:40:00","2025/05/02 17:39:32",F_T+LREG_0050,1,LOWERREG,0.00000000,-0.05667971,1,0
D,FPP,CONSTRAINT_FREQ_MEASURE,1,"2025/05/02 17:40:00","2025/05/02 17:39:32",F_T+RREG_0050,1,RAISEREG,0.00000000,-0.05667971,1,0
D,FPP,CONSTRAINT_FREQ_MEASURE,1,"2025/05/02 17:40:00","2025/05/02 17:39:32",F_TASCAP_LREG_0210,1,LOWERREG,0.00000000,-0.01850919,1,0
D,FPP,CONSTRAINT_FREQ_MEASURE,1,"2025/05/02 17:40:00","2025/05/02 17:39:36",F_MAIN++NIL_MG_R5,1,RAISEREG,0.00000000,-0.01813219,1,0
D,FPP,CONSTRAINT_FREQ_MEASURE,1,"2025/05/02 17:40:00","2025/05/02 17:39:36",F_T+LREG_0050,1,LOWERREG,0.00000000,-0.05941755,1,0
D,FPP,CONSTRAINT_FREQ_MEASURE,1,"2025/05/02 17:40:00","2025/05/02 17:39:36",F_T+RREG_0050,1,RAISEREG,0.00000000,-0.05941755,1,0
D,FPP,CONSTRAINT_FREQ_MEASURE,1,"2025/05/02 17:40:00","2025/05/02 17:39:36",F_TASCAP_LREG_0210,1,LOWERREG,0.00000000,-0.01813219,1,0
D,FPP,CONSTRAINT_FREQ_MEASURE,1,"2025/05/02 17:40:00","2025/05/02 17:39:40",F_MAIN++NIL_MG_R5,1,RAISEREG,0.00000000,-0.01868480,1,0
D,FPP,CONSTRAINT_FREQ_MEASURE,1,"2025/05/02 17:40:00","2025/05/02 17:39:40",F_T+LREG_0050,1,LOWERREG,0.00000000,-0.06732476,1,0
D,FPP,CONSTRAINT_FREQ_MEASURE,1,"2025/05/02 17:40:00","2025/05/02 17:39:40",F_T+RREG_0050,1,RAISEREG,0.00000000,-0.06732476,1,0
D,FPP,CONSTRAINT_FREQ_MEASURE,1,"2025/05/02 17:40:00","2025/05/02 17:39:40",F_TASCAP_LREG_0210,1,LOWERREG,0.00000000,-0.01868480,1,0
D,FPP,CONSTRAINT_FREQ_MEASURE,1,"2025/05/02 17:40:00","2025/05/02 17:39:44",F_MAIN++NIL_MG_R5,1,RAISEREG,0.00000000,-0.01807332,1,0
D,FPP,CONSTRAINT_FREQ_MEASURE,1,"2025/05/02 17:40:00","2025/05/02 17:39:44",F_T+LREG_0050,1,LOWERREG,0.00000000,-0.08191926,1,0
D,FPP,CONSTRAINT_FREQ_MEASURE,1,"2025/05/02 17:40:00","2025/05/02 17:39:44",F_T+RREG_0050,1,RAISEREG,0.00000000,-0.08191926,1,0
D,FPP,CONSTRAINT_FREQ_MEASURE,1,"2025/05/02 17:40:00","2025/05/02 17:39:44",F_TASCAP_LREG_0210,1,LOWERREG,0.00000000,-0.01807332,1,0
D,FPP,CONSTRAINT_FREQ_MEASURE,1,"2025/05/02 17:40:00","2025/05/02 17:39:48",F_MAIN++NIL_MG_R5,1,RAISEREG,0.00000000,-0.01626047,1,0
D,FPP,CONSTRAINT_FREQ_MEASURE,1,"2025/05/02 17:40:00","2025/05/02 17:39:48",F_T+LREG_0050,1,LOWERREG,0.00000000,-0.08371498,1,0
D,FPP,CONSTRAINT_FREQ_MEASURE,1,"2025/05/02 17:40:00","2025/05/02 17:39:48",F_T+RREG_0050,1,RAISEREG,0.00000000,-0.08371498,1,0
D,FPP,CONSTRAINT_FREQ_MEASURE,1,"2025/05/02 17:40:00","2025/05/02 17:39:48",F_TASCAP_LREG_0210,1,LOWERREG,0.00000000,-0.01626047,1,0
D,FPP,CONSTRAINT_FREQ_MEASURE,1,"2025/05/02 17:40:00","2025/05/02 17:39:52",F_MAIN++NIL_MG_R5,1,RAISEREG,0.00000000,-0.01580569,1,0
D,FPP,CONSTRAINT_FREQ_MEASURE,1,"2025/05/02 17:40:00","2025/05/02 17:39:52",F_T+LREG_0050,1,LOWERREG,0.00000000,-0.07577832,1,0
D,FPP,CONSTRAINT_FREQ_MEASURE,1,"2025/05/02 17:40:00","2025/05/02 17:39:52",F_T+RREG_0050,1,RAISEREG,0.00000000,-0.07577832,1,0
D,FPP,CONSTRAINT_FREQ_MEASURE,1,"2025/05/02 17:40:00","2025/05/02 17:39:52",F_TASCAP_LREG_0210,1,LOWERREG,0.00000000,-0.01580569,1,0
D,FPP,CONSTRAINT_FREQ_MEASURE,1,"2025/05/02 17:40:00","2025/05/02 17:39:56",F_MAIN++NIL_MG_R5,1,RAISEREG,0.00000000,-0.01639294,1,0
D,FPP,CONSTRAINT_FREQ_MEASURE,1,"2025/05/02 17:40:00","2025/05/02 17:39:56",F_T+LREG_0050,1,LOWERREG,0.00000000,-0.06916092,1,0
D,FPP,CONSTRAINT_FREQ_MEASURE,1,"2025/05/02 17:40:00","2025/05/02 17:39:56",F_T+RREG_0050,1,RAISEREG,0.00000000,-0.06916092,1,0
D,FPP,CONSTRAINT_FREQ_MEASURE,1,"2025/05/02 17:40:00","2025/05/02 17:39:56",F_TASCAP_LREG_0210,1,LOWERREG,0.00000000,-0.01639294,1,0
D,FPP,CONSTRAINT_FREQ_MEASURE,1,"2025/05/02 17:40:00","2025/05/02 17:40:00",F_MAIN++NIL_MG_R5,1,RAISEREG,0.00000000,-0.01757094,1,0
D,FPP,CONSTRAINT_FREQ_MEASURE,1,"2025/05/02 17:40:00","2025/05/02 17:40:00",F_T+LREG_0050,1,LOWERREG,0.00000000,-0.07712516,1,0
D,FPP,CONSTRAINT_FREQ_MEASURE,1,"2025/05/02 17:40:00","2025/05/02 17:40:00",F_T+RREG_0050,1,RAISEREG,0.00000000,-0.07712516,1,0
D,FPP,CONSTRAINT_FREQ_MEASURE,1,"2025/05/02 17:40:00","2025/05/02 17:40:00",F_TASCAP_LREG_0210,1,LOWERREG,0.00000000,-0.01757094,1,0
I,FPP,FPP_RCR,1,INTERVAL_DATETIME,CONSTRAINTID,VERSIONNO,BIDTYPE,RCR,RCR_REASON_FLAG
D,FPP,FPP_RCR,1,"2025/05/02 17:40:00",F_MAIN++NIL_MG_R5,1,RAISEREG,232.33333,0
D,FPP,FPP_RCR,1,"2025/05/02 17:40:00",F_T+LREG_0050,1,LOWERREG,31.90176,0
D,FPP,FPP_RCR,1,"2025/05/02 17:40:00",F_T+RREG_0050,1,RAISEREG,24.08923,0
D,FPP,FPP_RCR,1,"2025/05/02 17:40:00",F_TASCAP_LREG_0210,1,LOWERREG,237.87583,0
I,FPP,FPP_USAGE,1,INTERVAL_DATETIME,CONSTRAINTID,VERSIONNO,BIDTYPE,REGULATION_MW,USED_MW,USAGE,USAGE_REASON_FLAG,USAGE_VALUE
D,FPP,FPP_USAGE,1,"2025/05/02 17:40:00",F_MAIN++NIL_MG_R5,1,RAISEREG,193.00000000,107.03427000,0.55458171,0,0.55458171
D,FPP,FPP_USAGE,1,"2025/05/02 17:40:00",F_T+LREG_0050,1,LOWERREG,50.00000000,2.91997000,0.05839940,0,0.05839940
D,FPP,FPP_USAGE,1,"2025/05/02 17:40:00",F_T+RREG_0050,1,RAISEREG,50.00000000,14.01848000,0.28036960,0,0.28036960
D,FPP,FPP_USAGE,1,"2025/05/02 17:40:00",F_TASCAP_LREG_0210,1,LOWERREG,160.00000000,35.57973000,0.22237331,0,0.22237331
I,FPP,REGION_FREQ_MEASURE,1,INTERVAL_DATETIME,MEASUREMENT_DATETIME,REGIONID,VERSIONNO,FREQ_DEVIATION_HZ,HZ_QUALITY_FLAG,FREQ_MEASURE_HZ,FM_ALIGNMENT_FLAG
D,FPP,REGION_FREQ_MEASURE,1,"2025/05/02 17:40:00","2025/05/02 17:35:04",NSW1,1,0.01100000,1,0.00451350,1
D,FPP,REGION_FREQ_MEASURE,1,"2025/05/02 17:40:00","2025/05/02 17:35:04",QLD1,1,0.01000000,1,0.00561206,1
D,FPP,REGION_FREQ_MEASURE,1,"2025/05/02 17:40:00","2025/05/02 17:35:04",SA1,1,-0.02800000,1,0.01146919,1
D,FPP,REGION_FREQ_MEASURE,1,"2025/05/02 17:40:00","2025/05/02 17:35:04",TAS1,1,-0.05300000,1,0.00940982,1
D,FPP,REGION_FREQ_MEASURE,1,"2025/05/02 17:40:00","2025/05/02 17:35:04",VIC1,1,-0.03100000,1,0.01179954,1
D,FPP,REGION_FREQ_MEASURE,1,"2025/05/02 17:40:00","2025/05/02 17:35:08",NSW1,1,0.00500000,1,0.00239939,1
D,FPP,REGION_FREQ_MEASURE,1,"2025/05/02 17:40:00","2025/05/02 17:35:08",QLD1,1,0.00700000,1,0.00280938,1
D,FPP,REGION_FREQ_MEASURE,1,"2025/05/02 17:40:00","2025/05/02 17:35:08",SA1,1,0.00300000,1,0.00825381,1
D,FPP,REGION_FREQ_MEASURE,1,"2025/05/02 17:40:00","2025/05/02 17:35:08",TAS1,1,-0.07800000,1,0.02465208,1
D,FPP,REGION_FREQ_MEASURE,1,"2025/05/02 17:40:00","2025/05/02 17:35:08",VIC1,1,0.00100000,1,0.00895520,1
D,FPP,REGION_FREQ_MEASURE,1,"2025/05/02 17:40:00","2025/05/02 17:35:12",NSW1,1,0.00200000,1,0.00142175,1
D,FPP,REGION_FREQ_MEASURE,1,"2025/05/02 17:40:00","2025/05/02 17:35:12",QLD1,1,-0.00100000,1,0.00240730,1
D,FPP,REGION_FREQ_MEASURE,1,"2025/05/02 17:40:00","2025/05/02 17:35:12",SA1,1,0.01200000,1,0.00375296,1
D,FPP,REGION_FREQ_MEASURE,1,"2025/05/02 17:40:00","2025/05/02 17:35:12",TAS1,1,-0.03200000,1,0.02628495,1
D,FPP,REGION_FREQ_MEASURE,1,"2025/05/02 17:40:00","2025/05/02 17:35:12",VIC1,1,0.01200000,1,0.00429849,1
D,FPP,REGION_FREQ_MEASURE,1,"2025/05/02 17:40:00","2025/05/02 17:35:16",NSW1,1,0.00800000,1,-0.00067197,1
D,FPP,REGION_FREQ_MEASURE,1,"2025/05/02 17:40:00","2025/05/02 17:35:16",QLD1,1,0.00400000,1,0.00098346,1
D,FPP,REGION_FREQ_MEASURE,1,"2025/05/02 17:40:00","2025/05/02 17:35:16",SA1,1,0.00100000,1,0.00269675,1
D,FPP,REGION_FREQ_MEASURE,1,"2025/05/02 17:40:00","2025/05/02 17:35:16",TAS1,1,0.01500000,1,0.01711052,1
D,FPP,REGION_FREQ_MEASURE,1,"2025/05/02 17:40:00","2025/05/02 17:35:16",VIC1,1,0.00100000,1,0.00312105,1
D,FPP,REGION_FREQ_MEASURE,1,"2025/05/02 17:40:00","2025/05/02 17:35:20",NSW1,1,-0.01600000,1,0.00303291,1
D,FPP,REGION_FREQ_MEASURE,1,"2025/05/02 17:40:00","2025/05/02 17:35:20",QLD1,1,-0.00800000,1,0.00254269,1
D,FPP,REGION_FREQ_MEASURE,1,"2025/05/02 17:40:00","2025/05/02 17:35:20",SA1,1,-0.00300000,1,0.00276414,1
D,FPP,REGION_FREQ_MEASURE,1,"2025/05/02 17:40:00","2025/05/02 17:35:20",TAS1,1,0.04900000,1,0.00241929,0
D,FPP,REGION_FREQ_MEASURE,1,"2025/05/02 17:40:00","2025/05/02 17:35:20",VIC1,1,-0.00200000,1,0.00287193,1
D,FPP,REGION_FREQ_MEASURE,1,"2025/05/02 17:40:00","2025/05/02 17:35:24",NSW1,1,-0.02500000,1,0.00791449,1
D,FPP,REGION_FREQ_MEASURE,1,"2025/05/02 17:40:00","2025/05/02 17:35:24",QLD1,1,-0.02400000,1,0.00731098,1
D,FPP,REGION_FREQ_MEASURE,1,"2025/05/02 17:40:00","2025/05/02 17:35:24",SA1,1,0.00700000,1,0.00059433,1
D,FPP,REGION_FREQ_MEASURE,1,"2025/05/02 17:40:00","2025/05/02 17:35:24",TAS1,1,0.04000000,1,-0.00700722,1
D,FPP,REGION_FREQ_MEASURE,1,"2025/05/02 17:40:00","2025/05/02 17:35:24",VIC1,1,0.00800000,1,0.00045595,1
D,FPP,REGION_FREQ_MEASURE,1,"2025/05/02 17:40:00","2025/05/02 17:35:28",NSW1,1,-0.01100000,1,0.00860016,1
D,FPP,REGION_FREQ_MEASURE,1,"2025/05/02 17:40:00","2025/05/02 17:35:28",QLD1,1,-0.01900000,1,0.00990854,1
D,FPP,REGION_FREQ_MEASURE,1,"2025/05/02 17:40:00","2025/05/02 17:35:28",SA1,1,-0.02000000,1,0.00490670,1
D,FPP,REGION_FREQ_MEASURE,1,"2025/05/02 17:40:00","2025/05/02 17:35:28",TAS1,1,0.01300000,1,-0.00833895,1
D,FPP,REGION_FREQ_MEASURE,1,"2025/05/02 17:40:00","2025/05/02 17:35:28",VIC1,1,-0.02000000,1,0.00479907,1
D,FPP,REGION_FREQ_MEASURE,1,"2025/05/02 17:40:00","2025/05/02 17:35:32",NSW1,1,0.02300000,1,0.00157790,0
D,FPP,REGION_FREQ_MEASURE,1,"2025/05/02 17:40:00","2025/05/02 17:35:32",QLD1,1,0.01500000,1,0.00437331,1
D,FPP,REGION_FREQ_MEASURE,1,"2025/05/02 17:40:00","2025/05/02 17:35:32",SA1,1,-0.02500000,1,0.00937188,1
D,FPP,REGION_FREQ_MEASURE,1,"2025/05/02 17:40:00","2025/05/02 17:35:32",TAS1,1,-0.01700000,1,-0.00270807,0
D,FPP,REGION_FREQ_MEASURE,1,"2025/05/02 17:40:00","2025/05/02 17:35:32",VIC1,1,-0.02800000,1,0.00995483,1
D,FPP,REGION_FREQ_MEASURE,1,"2025/05/02 17:40:00","2025/05/02 17:35:36",NSW1,1,0.02400000,1,-0.00410608,1
D,FPP,REGION_FREQ_MEASURE,1,"2025/05/02 17:40:00","2025/05/02 17:35:36",QLD1,1,0.02400000,1,-0.00193187,1
D,FPP,REGION_FREQ_MEASURE,1,"2025/05/02 17:40:00","2025/05/02 17:35:36",SA1,1,0.00500000,1,0.00617813,1
D,FPP,REGION_FREQ_MEASURE,1,"2025/05/02 17:40:00","2025/05/02 17:35:36",TAS1,1,-0.03700000,1,0.00611595,1
D,FPP,REGION_FREQ_MEASURE,1,"2025/05/02 17:40:00","2025/05/02 17:35:36",VIC1,1,0.00300000,1,0.00707598,1
D,FPP,REGION_FREQ_MEASURE,1,"2025/05/02 17:40:00","2025/05/02 17:35:40",NSW1,1,0.01000000,1,-0.00541584,1
D,FPP,REGION_FREQ_MEASURE,1,"2025/05/02 17:40:00","2025/05/02 17:35:40",QLD1,1,0.01200000,1,-0.00416923,1
D,FPP,REGION_FREQ_MEASURE,1,"2025/05/02 17:40:00","2025/05/02 17:35:40",SA1,1,0.02600000,1,-0.00097257,1
D,FPP,REGION_FREQ_MEASURE,1,"2025/05/02 17:40:00","2025/05/02 17:35:40",TAS1,1,-0.00900000,1,0.00675685,1
D,FPP,REGION_FREQ_MEASURE,1,"2025/05/02 17:40:00","2025/05/02 17:35:40",VIC1,1,0.03000000,1,-0.00116313,1
D,FPP,REGION_FREQ_MEASURE,1,"2025/05/02 17:40:00","2025/05/02 17:35:44",NSW1,1,-0.00100000,1,-0.00399010,1
D,FPP,REGION_FREQ_MEASURE,1,"2025/05/02 17:40:00","2025/05/02 17:35:44",QLD1,1,-0.00400000,1,-0.00235385,1
D,FPP,REGION_FREQ_MEASURE,1,"2025/05/02 17:40:00","2025/05/02 17:35:44",SA1,1,0.01500000,1,-0.00408978,1
D,FPP,REGION_FREQ_MEASURE,1,"2025/05/02 17:40:00","2025/05/02 17:35:44",TAS1,1,0.03900000,1,-0.00341134,1
D,FPP,REGION_FREQ_MEASURE,1,"2025/05/02 17:40:00","2025/05/02 17:35:44",VIC1,1,0.01600000,1,-0.00446021,1
D,FPP,REGION_FREQ_MEASURE,1,"2025/05/02 17:40:00","2025/05/02 17:35:48",NSW1,1,0.00500000,1,-0.00421452,1
D,FPP,REGION_FREQ_MEASURE,1,"2025/05/02 17:40:00","2025/05/02 17:35:48",QLD1,1,0.00500000,1,-0.00294188,1
D,FPP,REGION_FREQ_MEASURE,1,"2025/05/02 17:40:00","2025/05/02 17:35:48",SA1,1,-0.00300000,1,-0.00251427,1
D,FPP,REGION_FREQ_MEASURE,1,"2025/05/02 17:40:00","2025/05/02 17:35:48",TAS1,1,0.03700000,1,-0.01087549,1
D,FPP,REGION_FREQ_MEASURE,1,"2025/05/02 17:40:00","2025/05/02 17:35:48",VIC1,1,-0.00100000,1,-0.00324683,1
D,FPP,REGION_FREQ_MEASURE,1,"2025/05/02 17:40:00","2025/05/02 17:35:52",NSW1,1,0.01100000,1,-0.00572240,1
D,FPP,REGION_FREQ_MEASURE,1,"2025/05/02 17:40:00","2025/05/02 17:35:52",QLD1,1,0.01100000,1,-0.00473257,1
D,FPP,REGION_FREQ_MEASURE,1,"2025/05/02 17:40:00","2025/05/02 17:35:52",SA1,1,0.00400000,1,-0.00284443,1
D,FPP,REGION_FREQ_MEASURE,1,"2025/05/02 17:40:00","2025/05/02 17:35:52",TAS1,1,-0.00600000,1,-0.00712538,1
D,FPP,REGION_FREQ_MEASURE,1,"2025/05/02 17:40:00","2025/05/02 17:35:52",VIC1,1,0.00300000,1,-0.00319198,1
D,FPP,REGION_FREQ_MEASURE,1,"2025/05/02 17:40:00","2025/05/02 17:35:56",NSW1,1,0.01700000,1,-0.00822853,1
D,FPP,REGION_FREQ_MEASURE,1,"2025/05/02 17:40:00","2025/05/02 17:35:56",QLD1,1,0.01100000,1,-0.00612533,1
D,FPP,REGION_FREQ_MEASURE,1,"2025/05/02 17:40:00","2025/05/02 17:35:56",SA1,1,0.00600000,1,-0.00354567,1
D,FPP,REGION_FREQ_MEASURE,1,"2025/05/02 17:40:00","2025/05/02 17:35:56",TAS1,1,-0.02900000,1,0.00090248,1
D,FPP,REGION_FREQ_MEASURE,1,"2025/05/02 17:40:00","2025/05/02 17:35:56",VIC1,1,0.00500000,1,-0.00359376,1
D,FPP,REGION_FREQ_MEASURE,1,"2025/05/02 17:40:00","2025/05/02 17:36:00",NSW1,1,-0.00200000,1,-0.00595552,1
D,FPP,REGION_FREQ_MEASURE,1,"2025/05/02 17:40:00","2025/05/02 17:36:00",QLD1,1,0.00300000,1,-0.00543081,1
D,FPP,REGION_FREQ_MEASURE,1,"2025/05/02 17:40:00","2025/05/02 17:36:00",SA1,1,0.01000000,1,-0.00497997,1
D,FPP,REGION_FREQ_MEASURE,1,"2025/05/02 17:40:00","2025/05/02 17:36:00",TAS1,1,-0.02200000,1,0.00559082,1
D,FPP,REGION_FREQ_MEASURE,1,"2025/05/02 17:40:00","2025/05/02 17:36:00",VIC1,1,0.01000000,1,-0.00501737,1
D,FPP,REGION_FREQ_MEASURE,1,"2025/05/02 17:40:00","2025/05/02 17:36:04",NSW1,1,-0.02100000,1,0.00003460,1
D,FPP,REGION_FREQ_MEASURE,1,"2025/05/02 17:40:00","2025/05/02 17:36:04",QLD1,1,-0.01800000,1,-0.00022396,0
D,FPP,REGION_FREQ_MEASURE,1,"2025/05/02 17:40:00","2025/05/02 17:36:04",SA1,1,0.01100000,1,-0.00631775,1
D,FPP,REGION_FREQ_MEASURE,1,"2025/05/02 17:40:00","2025/05/02 17:36:04",TAS1,1,0.01100000,1,0.00190397,1
D,FPP,REGION_FREQ_MEASURE,1,"2025/05/02 17:40:00","2025/05/02 17:36:04",VIC1,1,0.01200000,1,-0.00656907,1
D,FPP,REGION_FREQ_MEASURE,1,"2025/05/02 17:40:00","2025/05/02 17:36:08",NSW1,1,-0.00700000,1,0.00158247,1
D,FPP,REGION_FREQ_MEASURE,1,"2025/05/02 17:40:00","2025/05/02 17:36:08",QLD1,1,-0.01400000,1,0.00293692,1
D,FPP,REGION_FREQ_MEASURE,1,"2025/05/02 17:40:00","2025/05/02 17:36:08",SA1,1,-0.01300000,1,-0.00202492,1
D,FPP,REGION_FREQ_MEASURE,1,"2025/05/02 17:40:00","2025/05/02 17:36:08",TAS1,1,0.03500000,1,-0.00629691,1
D,FPP,REGION_FREQ_MEASURE,1,"2025/05/02 17:40:00","2025/05/02 17:36:08",VIC1,1,-0.01200000,1,-0.00244261,1
D,FPP,REGION_FREQ_MEASURE,1,"2025/05/02 17:40:00","2025/05/02 17:36:12",NSW1,1,-0.01900000,1,0.00545303,1
D,FPP,REGION_FREQ_MEASURE,1,"2025/05/02 17:40:00","2025/05/02 17:36:12",QLD1,1,-0.01700000,1,0.00606205,1
D,FPP,REGION_FREQ_MEASURE,1,"2025/05/02 17:40:00","2025/05/02 17:36:12",SA1,1,-0.01900000,1,0.00264728,1
D,FPP,REGION_FREQ_MEASURE,1,"2025/05/02 17:40:00","2025/05/02 17:36:12",TAS1,1,0.00800000,1,-0.00667537,1
D,FPP,REGION_FREQ_MEASURE,1,"2025/05/02 17:40:00","2025/05/02 17:36:12",VIC1,1,-0.01900000,1,0.00232241,1
D,FPP,REGION_FREQ_MEASURE,1,"2025/05/02 17:40:00","2025/05/02 17:36:16",NSW1,1,-0.00600000,1,0.00557458,1
D,FPP,REGION_FREQ_MEASURE,1,"2025/05/02 17:40:00","2025/05/02 17:36:16",QLD1,1,-0.01200000,1,0.00738159,1
D,FPP,REGION_FREQ_MEASURE,1,"2025/05/02 17:40:00","2025/05/02 17:36:16",SA1,1,-0.00500000,1,0.00317011,1
D,FPP,REGION_FREQ_MEASURE,1,"2025/05/02 17:40:00","2025/05/02 17:36:16",TAS1,1,-0.02200000,1,-0.00030307,0
D,FPP,REGION_FREQ_MEASURE,1,"2025/05/02 17:40:00","2025/05/02 17:36:16",VIC1,1,-0.00500000,1,0.00291743,1
D,FPP,REGION_FREQ_MEASURE,1,"2025/05/02 17:40:00","2025/05/02 17:36:20",NSW1,1,0.02700000,1,-0.00166422,1
D,FPP,REGION_FREQ_MEASURE,1,"2025/05/02 17:40:00","2025/05/02 17:36:20",QLD1,1,0.01800000,1,0.00174124,0
D,FPP,REGION_FREQ_MEASURE,1,"2025/05/02 17:40:00","2025/05/02 17:36:20",SA1,1,-0.02000000,1,0.00691009,1
D,FPP,REGION_FREQ_MEASURE,1,"2025/05/02 17:40:00","2025/05/02 17:36:20",TAS1,1,-0.03200000,1,0.00687539,1
D,FPP,REGION_FREQ_MEASURE,1,"2025/05/02 17:40:00","2025/05/02 17:36:20",VIC1,1,-0.01900000,1,0.00649133,1
D,FPP,REGION_FREQ_MEASURE,1,"2025/05/02 17:40:00","2025/05/02 17:36:24",NSW1,1,0.03700000,1,-0.00951662,1
D,FPP,REGION_FREQ_MEASURE,1,"2025/05/02 17:40:00","2025/05/02 17:36:24",QLD1,1,0.03400000,1,-0.00620126,1
D,FPP,REGION_FREQ_MEASURE,1,"2025/05/02 17:40:00","2025/05/02 17:36:24",SA1,1,0.00300000,1,0.00470785,1
D,FPP,REGION_FREQ_MEASURE,1,"2025/05/02 17:40:00","2025/05/02 17:36:24",TAS1,1,-0.03000000,1,0.01201419,1
D,FPP,REGION_FREQ_MEASURE,1,"2025/05/02 17:40:00","2025/05/02 17:36:24",VIC1,1,0.00200000,1,0.00460437,1
D,FPP,REGION_FREQ_MEASURE,1,"2025/05/02 17:40:00","2025/05/02 17:36:28",NSW1,1,0.02100000,1,-0.01206848,1
D,FPP,REGION_FREQ_MEASURE,1,"2025/05/02 17:40:00","2025/05/02 17:36:28",QLD1,1,0.02200000,1,-0.00971209,1
D,FPP,REGION_FREQ_MEASURE,1,"2025/05/02 17:40:00","2025/05/02 17:36:28",SA1,1,0.03400000,1,-0.00389389,1
D,FPP,REGION_FREQ_MEASURE,1,"2025/05/02 17:40:00","2025/05/02 17:36:28",TAS1,1,0.02500000,1,0.00378881,0
D,FPP,REGION_FREQ_MEASURE,1,"2025/05/02 17:40:00","2025/05/02 17:36:28",VIC1,1,0.03300000,1,-0.00375216,1
D,FPP,REGION_FREQ_MEASURE,1,"2025/05/02 17:40:00","2025/05/02 17:36:32",NSW1,1,0.03100000,1,-0.01627548,1
D,FPP,REGION_FREQ_MEASURE,1,"2025/05/02 17:40:00","2025/05/02 17:36:32",QLD1,1,0.03000000,1,-0.01422051,1
D,FPP,REGION_FREQ_MEASURE,1,"2025/05/02 17:40:00","2025/05/02 17:36:32",SA1,1,0.03100000,1,-0.00991747,1
D,FPP,REGION_FREQ_MEASURE,1,"2025/05/02 17:40:00","2025/05/02 17:36:32",TAS1,1,0.04700000,1,-0.00749759,1
D,FPP,REGION_FREQ_MEASURE,1,"2025/05/02 17:40:00","2025/05/02 17:36:32",VIC1,1,0.03300000,1,-0.01025168,1
D,FPP,REGION_FREQ_MEASURE,1,"2025/05/02 17:40:00","2025/05/02 17:36:36",NSW1,1,0.01900000,1,-0.01688093,1
D,FPP,REGION_FREQ_MEASURE,1,"2025/05/02 17:40:00","2025/05/02 17:36:36",QLD1,1,0.01900000,1,-0.01528262,1
D,FPP,REGION_FREQ_MEASURE,1,"2025/05/02 17:40:00","2025/05/02 17:36:36",SA1,1,0.02000000,1,-0.01215803,1
D,FPP,REGION_FREQ_MEASURE,1,"2025/05/02 17:40:00","2025/05/02 17:36:36",TAS1,1,0.04700000,1,-0.01627590,1
D,FPP,REGION_FREQ_MEASURE,1,"2025/05/02 17:40:00","2025/05/02 17:36:36",VIC1,1,0.01900000,1,-0.01219575,1
D,FPP,REGION_FREQ_MEASURE,1,"2025/05/02 17:40:00","2025/05/02 17:36:40",NSW1,1,0.01300000,1,-0.01601850,1
D,FPP,REGION_FREQ_MEASURE,1,"2025/05/02 17:40:00","2025/05/02 17:36:40",QLD1,1,0.01800000,1,-0.01588648,1
D,FPP,REGION_FREQ_MEASURE,1,"2025/05/02 17:40:00","2025/05/02 17:36:40",SA1,1,0.02800000,1,-0.01567847,1
D,FPP,REGION_FREQ_MEASURE,1,"2025/05/02 17:40:00","2025/05/02 17:36:40",TAS1,1,0.01800000,1,-0.01665903,1
D,FPP,REGION_FREQ_MEASURE,1,"2025/05/02 17:40:00","2025/05/02 17:36:40",VIC1,1,0.02700000,1,-0.01548558,1
D,FPP,REGION_FREQ_MEASURE,1,"2025/05/02 17:40:00","2025/05/02 17:36:44",NSW1,1,0.00000000,1,-0.01245883,1
D,FPP,REGION_FREQ_MEASURE,1,"2025/05/02 17:40:00","2025/05/02 17:36:44",QLD1,1,0.00400000,1,-0.01324504,1
D,FPP,REGION_FREQ_MEASURE,1,"2025/05/02 17:40:00","2025/05/02 17:36:44",SA1,1,0.02100000,1,-0.01686103,1
D,FPP,REGION_FREQ_MEASURE,1,"2025/05/02 17:40:00","2025/05/02 17:36:44",TAS1,1,-0.01100000,1,-0.01051258,1
D,FPP,REGION_FREQ_MEASURE,1,"2025/05/02 17:40:00","2025/05/02 17:36:44",VIC1,1,0.02100000,1,-0.01671101,1
D,FPP,REGION_FREQ_MEASURE,1,"2025/05/02 17:40:00","2025/05/02 17:36:48",NSW1,1,0.00800000,1,-0.01146798,1
D,FPP,REGION_FREQ_MEASURE,1,"2025/05/02 17:40:00","2025/05/02 17:36:48",QLD1,1,0.00000000,1,-0.01030170,1
D,FPP,REGION_FREQ_MEASURE,1,"2025/05/02 17:40:00","2025/05/02 17:36:48",SA1,1,0.00500000,1,-0.01422525,1
D,FPP,REGION_FREQ_MEASURE,1,"2025/05/02 17:40:00","2025/05/02 17:36:48",TAS1,1,-0.01000000,1,-0.00595423,1
D,FPP,REGION_FREQ_MEASURE,1,"2025/05/02 17:40:00","2025/05/02 17:36:48",VIC1,1,0.00600000,1,-0.01433079,1
D,FPP,REGION_FREQ_MEASURE,1,"2025/05/02 17:40:00","2025/05/02 17:36:52",NSW1,1,0.03500000,1,-0.01669732,1
D,FPP,REGION_FREQ_MEASURE,1,"2025/05/02 17:40:00","2025/05/02 17:36:52",QLD1,1,0.03200000,1,-0.01512354,1
D,FPP,REGION_FREQ_MEASURE,1,"2025/05/02 17:40:00","2025/05/02 17:36:52",SA1,1,-0.00900000,1,-0.00906408,1
D,FPP,REGION_FREQ_MEASURE,1,"2025/05/02 17:40:00","2025/05/02 17:36:52",TAS1,1,-0.00800000,1,-0.00285329,1
D,FPP,REGION_FREQ_MEASURE,1,"2025/05/02 17:40:00","2025/05/02 17:36:52",VIC1,1,-0.00600000,1,-0.00981284,1
D,FPP,REGION_FREQ_MEASURE,1,"2025/05/02 17:40:00","2025/05/02 17:36:56",NSW1,1,0.03000000,1,-0.01965347,1
D,FPP,REGION_FREQ_MEASURE,1,"2025/05/02 17:40:00","2025/05/02 17:36:56",QLD1,1,0.03300000,1,-0.01909609,1
D,FPP,REGION_FREQ_MEASURE,1,"2025/05/02 17:40:00","2025/05/02 17:36:56",SA1,1,0.01800000,1,-0.01104984,1
D,FPP,REGION_FREQ_MEASURE,1,"2025/05/02 17:40:00","2025/05/02 17:36:56",TAS1,1,-0.00200000,1,-0.00177478,1
D,FPP,REGION_FREQ_MEASURE,1,"2025/05/02 17:40:00","2025/05/02 17:36:56",VIC1,1,0.01700000,1,-0.01140999,1
D,FPP,REGION_FREQ_MEASURE,1,"2025/05/02 17:40:00","2025/05/02 17:37:00",NSW1,1,0.01500000,1,-0.01861937,1
D,FPP,REGION_FREQ_MEASURE,1,"2025/05/02 17:40:00","2025/05/02 17:37:00",QLD1,1,0.01700000,1,-0.01863029,1
D,FPP,REGION_FREQ_MEASURE,1,"2025/05/02 17:40:00","2025/05/02 17:37:00",SA1,1,0.03600000,1,-0.01659432,1
D,FPP,REGION_FREQ_MEASURE,1,"2025/05/02 17:40:00","2025/05/02 17:37:00",TAS1,1,0.01400000,1,-0.00449150,1
D,FPP,REGION_FREQ_MEASURE,1,"2025/05/02 17:40:00","2025/05/02 17:37:00",VIC1,1,0.03600000,1,-0.01687444,1
D,FPP,REGION_FREQ_MEASURE,1,"2025/05/02 17:40:00","2025/05/02 17:37:04",NSW1,1,0.02900000,1,-0.02092618,1
D,FPP,REGION_FREQ_MEASURE,1,"2025/05/02 17:40:00","2025/05/02 17:37:04",QLD1,1,0.02500000,1,-0.02004578,1
D,FPP,REGION_FREQ_MEASURE,1,"2025/05/02 17:40:00","2025/05/02 17:37:04",SA1,1,0.01700000,1,-0.01668447,1
D,FPP,REGION_FREQ_MEASURE,1,"2025/05/02 17:40:00","2025/05/02 17:37:04",TAS1,1,0.01900000,1,-0.00771561,1
D,FPP,REGION_FREQ_MEASURE,1,"2025/05/02 17:40:00","2025/05/02 17:37:04",VIC1,1,0.02400000,1,-0.01845790,1
D,FPP,REGION_FREQ_MEASURE,1,"2025/05/02 17:40:00","2025/05/02 17:37:08",NSW1,1,0.02700000,1,-0.02227592,1
D,FPP,REGION_FREQ_MEASURE,1,"2025/05/02 17:40:00","2025/05/02 17:37:08",QLD1,1,0.02600000,1,-0.02136894,1
D,FPP,REGION_FREQ_MEASURE,1,"2025/05/02 17:40:00","2025/05/02 17:37:08",SA1,1,0.02600000,1,-0.01875459,1
D,FPP,REGION_FREQ_MEASURE,1,"2025/05/02 17:40:00","2025/05/02 17:37:08",TAS1,1,0.01000000,1,-0.00822325,1
D,FPP,REGION_FREQ_MEASURE,1,"2025/05/02 17:40:00","2025/05/02 17:37:08",VIC1,1,0.01900000,1,-0.01857837,1
D,FPP,REGION_FREQ_MEASURE,1,"2025/05/02 17:40:00","2025/05/02 17:37:12",NSW1,1,0.02300000,1,-0.02243683,1
D,FPP,REGION_FREQ_MEASURE,1,"2025/05/02 17:40:00","2025/05/02 17:37:12",QLD1,1,0.02500000,1,-0.02217584,1
D,FPP,REGION_FREQ_MEASURE,1,"2025/05/02 17:40:00","2025/05/02 17:37:12",SA1,1,0.02600000,1,-0.02036468,1
D,FPP,REGION_FREQ_MEASURE,1,"2025/05/02 17:40:00","2025/05/02 17:37:12",TAS1,1,0.00200000,1,-0.00684031,1
D,FPP,REGION_FREQ_MEASURE,1,"2025/05/02 17:40:00","2025/05/02 17:37:12",VIC1,1,0.03200000,1,-0.02156095,1
D,FPP,REGION_FREQ_MEASURE,1,"2025/05/02 17:40:00","2025/05/02 17:37:16",NSW1,1,0.01300000,1,-0.02033976,1
D,FPP,REGION_FREQ_MEASURE,1,"2025/05/02 17:40:00","2025/05/02 17:37:16",QLD1,1,0.01600000,1,-0.02080343,1
D,FPP,REGION_FREQ_MEASURE,1,"2025/05/02 17:40:00","2025/05/02 17:37:16",SA1,1,0.02600000,1,-0.02161697,1
D,FPP,REGION_FREQ_MEASURE,1,"2025/05/02 17:40:00","2025/05/02 17:37:16",TAS1,1,0.02900000,1,-0.01176469,1
D,FPP,REGION_FREQ_MEASURE,1,"2025/05/02 17:40:00","2025/05/02 17:37:16",VIC1,1,0.02500000,1,-0.02232518,1
D,FPP,REGION_FREQ_MEASURE,1,"2025/05/02 17:40:00","2025/05/02 17:37:20",NSW1,1,0.01400000,1,-0.01893092,1
D,FPP,REGION_FREQ_MEASURE,1,"2025/05/02 17:40:00","2025/05/02 17:37:20",QLD1,1,0.00900000,1,-0.01818045,1
D,FPP,REGION_FREQ_MEASURE,1,"2025/05/02 17:40:00","2025/05/02 17:37:20",SA1,1,0.01900000,1,-0.02103542,1
D,FPP,REGION_FREQ_MEASURE,1,"2025/05/02 17:40:00","2025/05/02 17:37:20",TAS1,1,0.06500000,1,-0.02359476,1
D,FPP,REGION_FREQ_MEASURE,1,"2025/05/02 17:40:00","2025/05/02 17:37:20",VIC1,1,0.01900000,1,-0.02158625,1
D,FPP,REGION_FREQ_MEASURE,1,"2025/05/02 17:40:00","2025/05/02 17:37:24",NSW1,1,0.01900000,1,-0.01894627,1
D,FPP,REGION_FREQ_MEASURE,1,"2025/05/02 17:40:00","2025/05/02 17:37:24",QLD1,1,0.01600000,1,-0.01769591,1
D,FPP,REGION_FREQ_MEASURE,1,"2025/05/02 17:40:00","2025/05/02 17:37:24",SA1,1,0.00900000,1,-0.01836088,1
D,FPP,REGION_FREQ_MEASURE,1,"2025/05/02 17:40:00","2025/05/02 17:37:24",TAS1,1,0.04100000,1,-0.02746259,1
D,FPP,REGION_FREQ_MEASURE,1,"2025/05/02 17:40:00","2025/05/02 17:37:24",VIC1,1,0.01000000,1,-0.01901153,1
D,FPP,REGION_FREQ_MEASURE,1,"2025/05/02 17:40:00","2025/05/02 17:37:28",NSW1,1,0.02100000,1,-0.01940265,1
D,FPP,REGION_FREQ_MEASURE,1,"2025/05/02 17:40:00","2025/05/02 17:37:28",QLD1,1,0.02100000,1,-0.01843015,1
D,FPP,REGION_FREQ_MEASURE,1,"2025/05/02 17:40:00","2025/05/02 17:37:28",SA1,1,0.01400000,1,-0.01739180,1
D,FPP,REGION_FREQ_MEASURE,1,"2025/05/02 17:40:00","2025/05/02 17:37:28",TAS1,1,-0.01200000,1,-0.01869313,1
D,FPP,REGION_FREQ_MEASURE,1,"2025/05/02 17:40:00","2025/05/02 17:37:28",VIC1,1,0.01400000,1,-0.01789786,1
D,FPP,REGION_FREQ_MEASURE,1,"2025/05/02 17:40:00","2025/05/02 17:37:32",NSW1,1,0.00800000,1,-0.01686873,1
D,FPP,REGION_FREQ_MEASURE,1,"2025/05/02 17:40:00","2025/05/02 17:37:32",QLD1,1,0.01000000,1,-0.01655678,1
D,FPP,REGION_FREQ_MEASURE,1,"2025/05/02 17:40:00","2025/05/02 17:37:32",SA1,1,0.02100000,1,-0.01819362,1
D,FPP,REGION_FREQ_MEASURE,1,"2025/05/02 17:40:00","2025/05/02 17:37:32",TAS1,1,-0.02600000,1,-0.00876132,0
D,FPP,REGION_FREQ_MEASURE,1,"2025/05/02 17:40:00","2025/05/02 17:37:32",VIC1,1,0.02100000,1,-0.01858722,1
D,FPP,REGION_FREQ_MEASURE,1,"2025/05/02 17:40:00","2025/05/02 17:37:36",NSW1,1,0.01700000,1,-0.01689790,1
D,FPP,REGION_FREQ_MEASURE,1,"2025/05/02 17:40:00","2025/05/02 17:37:36",QLD1,1,0.01200000,1,-0.01554416,1
D,FPP,REGION_FREQ_MEASURE,1,"2025/05/02 17:40:00","2025/05/02 17:37:36",SA1,1,0.01500000,1,-0.01748393,1
D,FPP,REGION_FREQ_MEASURE,1,"2025/05/02 17:40:00","2025/05/02 17:37:36",TAS1,1,-0.00400000,1,-0.00592547,1
D,FPP,REGION_FREQ_MEASURE,1,"2025/05/02 17:40:00","2025/05/02 17:37:36",VIC1,1,0.01600000,1,-0.01801228,1
D,FPP,REGION_FREQ_MEASURE,1,"2025/05/02 17:40:00","2025/05/02 17:37:40",NSW1,1,0.01600000,1,-0.01669837,1
D,FPP,REGION_FREQ_MEASURE,1,"2025/05/02 17:40:00","2025/05/02 17:37:40",QLD1,1,0.01500000,1,-0.01542324,1
D,FPP,REGION_FREQ_MEASURE,1,"2025/05/02 17:40:00","2025/05/02 17:37:40",SA1,1,0.00600000,1,-0.01493195,1
D,FPP,REGION_FREQ_MEASURE,1,"2025/05/02 17:40:00","2025/05/02 17:37:40",TAS1,1,0.02500000,1,-0.01016425,1
D,FPP,REGION_FREQ_MEASURE,1,"2025/05/02 17:40:00","2025/05/02 17:37:40",VIC1,1,0.00900000,1,-0.01600955,1
D,FPP,REGION_FREQ_MEASURE,1,"2025/05/02 17:40:00","2025/05/02 17:37:44",NSW1,1,-0.00200000,1,-0.01254318,1
D,FPP,REGION_FREQ_MEASURE,1,"2025/05/02 17:40:00","2025/05/02 17:37:44",QLD1,1,0.00400000,1,-0.01288474,1
D,FPP,REGION_FREQ_MEASURE,1,"2025/05/02 17:40:00","2025/05/02 17:37:44",SA1,1,0.02000000,1,-0.01605818,1
D,FPP,REGION_FREQ_MEASURE,1,"2025/05/02 17:40:00","2025/05/02 17:37:44",TAS1,1,0.05400000,1,-0.01990553,1
D,FPP,REGION_FREQ_MEASURE,1,"2025/05/02 17:40:00","2025/05/02 17:37:44",VIC1,1,0.01700000,1,-0.01622965,1
D,FPP,REGION_FREQ_MEASURE,1,"2025/05/02 17:40:00","2025/05/02 17:37:48",NSW1,1,-0.01300000,1,-0.00686692,1
D,FPP,REGION_FREQ_MEASURE,1,"2025/05/02 17:40:00","2025/05/02 17:37:48",QLD1,1,-0.01500000,1,-0.00668813,1
D,FPP,REGION_FREQ_MEASURE,1,"2025/05/02 17:40:00","2025/05/02 17:37:48",SA1,1,0.01000000,1,-0.01471192,1
D,FPP,REGION_FREQ_MEASURE,1,"2025/05/02 17:40:00","2025/05/02 17:37:48",TAS1,1,0.04200000,1,-0.02481541,1
D,FPP,REGION_FREQ_MEASURE,1,"2025/05/02 17:40:00","2025/05/02 17:37:48",VIC1,1,0.01200000,1,-0.01528973,1
D,FPP,REGION_FREQ_MEASURE,1,"2025/05/02 17:40:00","2025/05/02 17:37:52",NSW1,1,0.00600000,1,-0.00667427,1
D,FPP,REGION_FREQ_MEASURE,1,"2025/05/02 17:40:00","2025/05/02 17:37:52",QLD1,1,-0.00300000,1,-0.00453521,1
D,FPP,REGION_FREQ_MEASURE,1,"2025/05/02 17:40:00","2025/05/02 17:37:52",SA1,1,-0.01000000,1,-0.00922038,1
D,FPP,REGION_FREQ_MEASURE,1,"2025/05/02 17:40:00","2025/05/02 17:37:52",TAS1,1,0.00000000,1,-0.01930087,1
D,FPP,REGION_FREQ_MEASURE,1,"2025/05/02 17:40:00","2025/05/02 17:37:52",VIC1,1,-0.00800000,1,-0.01011423,1
D,FPP,REGION_FREQ_MEASURE,1,"2025/05/02 17:40:00","2025/05/02 17:37:56",NSW1,1,0.02900000,1,-0.01163554,1
D,FPP,REGION_FREQ_MEASURE,1,"2025/05/02 17:40:00","2025/05/02 17:37:56",QLD1,1,0.02500000,1,-0.00908294,1
D,FPP,REGION_FREQ_MEASURE,1,"2025/05/02 17:40:00","2025/05/02 17:37:56",SA1,1,-0.01600000,1,-0.00361585,0
D,FPP,REGION_FREQ_MEASURE,1,"2025/05/02 17:40:00","2025/05/02 17:37:56",TAS1,1,-0.03800000,1,-0.00656734,0
D,FPP,REGION_FREQ_MEASURE,1,"2025/05/02 17:40:00","2025/05/02 17:37:56",VIC1,1,-0.01400000,1,-0.00475551,1
D,FPP,REGION_FREQ_MEASURE,1,"2025/05/02 17:40:00","2025/05/02 17:38:00",NSW1,1,0.00500000,1,-0.01016098,1
D,FPP,REGION_FREQ_MEASURE,1,"2025/05/02 17:40:00","2025/05/02 17:38:00",QLD1,1,0.01300000,1,-0.00995340,1
D,FPP,REGION_FREQ_MEASURE,1,"2025/05/02 17:40:00","2025/05/02 17:38:00",SA1,1,0.01800000,1,-0.00681233,1
D,FPP,REGION_FREQ_MEASURE,1,"2025/05/02 17:40:00","2025/05/02 17:38:00",TAS1,1,-0.05100000,1,0.00622540,1
D,FPP,REGION_FREQ_MEASURE,1,"2025/05/02 17:40:00","2025/05/02 17:38:00",VIC1,1,0.01600000,1,-0.00725429,1
D,FPP,REGION_FREQ_MEASURE,1,"2025/05/02 17:40:00","2025/05/02 17:38:04",NSW1,1,0.00300000,1,-0.00856965,1
D,FPP,REGION_FREQ_MEASURE,1,"2025/05/02 17:40:00","2025/05/02 17:38:04",QLD1,1,0.00500000,1,-0.00885264,1
D,FPP,REGION_FREQ_MEASURE,1,"2025/05/02 17:40:00","2025/05/02 17:38:04",SA1,1,0.02000000,1,-0.00974292,1
D,FPP,REGION_FREQ_MEASURE,1,"2025/05/02 17:40:00","2025/05/02 17:38:04",TAS1,1,0.00900000,1,0.00284198,1
D,FPP,REGION_FREQ_MEASURE,1,"2025/05/02 17:40:00","2025/05/02 17:38:04",VIC1,1,0.01900000,1,-0.00986445,1
D,FPP,REGION_FREQ_MEASURE,1,"2025/05/02 17:40:00","2025/05/02 17:38:08",NSW1,1,0.00300000,1,-0.00733195,1
D,FPP,REGION_FREQ_MEASURE,1,"2025/05/02 17:40:00","2025/05/02 17:38:08",QLD1,1,0.00600000,1,-0.00821872,1
D,FPP,REGION_FREQ_MEASURE,1,"2025/05/02 17:40:00","2025/05/02 17:38:08",SA1,1,0.00500000,1,-0.00868894,1
D,FPP,REGION_FREQ_MEASURE,1,"2025/05/02 17:40:00","2025/05/02 17:38:08",TAS1,1,0.04900000,1,-0.00867846,1
D,FPP,REGION_FREQ_MEASURE,1,"2025/05/02 17:40:00","2025/05/02 17:38:08",VIC1,1,0.00500000,1,-0.00878346,1
D,FPP,REGION_FREQ_MEASURE,1,"2025/05/02 17:40:00","2025/05/02 17:38:12",NSW1,1,-0.01600000,1,-0.00214707,0
D,FPP,REGION_FREQ_MEASURE,1,"2025/05/02 17:40:00","2025/05/02 17:38:12",QLD1,1,-0.01100000,1,-0.00394789,1
D,FPP,REGION_FREQ_MEASURE,1,"2025/05/02 17:40:00","2025/05/02 17:38:12",SA1,1,0.00500000,1,-0.00786918,1
D,FPP,REGION_FREQ_MEASURE,1,"2025/05/02 17:40:00","2025/05/02 17:38:12",TAS1,1,0.04600000,1,-0.01697214,1
D,FPP,REGION_FREQ_MEASURE,1,"2025/05/02 17:40:00","2025/05/02 17:38:12",VIC1,1,0.00500000,1,-0.00794269,1
D,FPP,REGION_FREQ_MEASURE,1,"2025/05/02 17:40:00","2025/05/02 17:38:16",NSW1,1,-0.01100000,1,0.00077450,1
D,FPP,REGION_FREQ_MEASURE,1,"2025/05/02 17:40:00","2025/05/02 17:38:16",QLD1,1,-0.01600000,1,0.00048497,1
D,FPP,REGION_FREQ_MEASURE,1,"2025/05/02 17:40:00","2025/05/02 17:38:16",SA1,1,-0.00600000,1,-0.00478714,1
D,FPP,REGION_FREQ_MEASURE,1,"2025/05/02 17:40:00","2025/05/02 17:38:16",TAS1,1,-0.00100000,1,-0.01297833,1
D,FPP,REGION_FREQ_MEASURE,1,"2025/05/02 17:40:00","2025/05/02 17:38:16",VIC1,1,-0.00500000,1,-0.00506654,1
D,FPP,REGION_FREQ_MEASURE,1,"2025/05/02 17:40:00","2025/05/02 17:38:20",NSW1,1,-0.01100000,1,0.00304683,1
D,FPP,REGION_FREQ_MEASURE,1,"2025/05/02 17:40:00","2025/05/02 17:38:20",QLD1,1,-0.01000000,1,0.00259942,1
D,FPP,REGION_FREQ_MEASURE,1,"2025/05/02 17:40:00","2025/05/02 17:38:20",SA1,1,-0.01300000,1,-0.00083444,1
D,FPP,REGION_FREQ_MEASURE,1,"2025/05/02 17:40:00","2025/05/02 17:38:20",TAS1,1,-0.02600000,1,-0.00431648,0
D,FPP,REGION_FREQ_MEASURE,1,"2025/05/02 17:40:00","2025/05/02 17:38:20",VIC1,1,-0.01200000,1,-0.00127398,1
D,FPP,REGION_FREQ_MEASURE,1,"2025/05/02 17:40:00","2025/05/02 17:38:24",NSW1,1,-0.03000000,1,0.00903642,1
D,FPP,REGION_FREQ_MEASURE,1,"2025/05/02 17:40:00","2025/05/02 17:38:24",QLD1,1,-0.02700000,1,0.00802177,1
D,FPP,REGION_FREQ_MEASURE,1,"2025/05/02 17:40:00","2025/05/02 17:38:24",SA1,1,-0.00700000,1,0.00090655,1
D,FPP,REGION_FREQ_MEASURE,1,"2025/05/02 17:40:00","2025/05/02 17:38:24",TAS1,1,-0.03200000,1,0.00375385,1
D,FPP,REGION_FREQ_MEASURE,1,"2025/05/02 17:40:00","2025/05/02 17:38:24",VIC1,1,-0.00700000,1,0.00056468,1
D,FPP,REGION_FREQ_MEASURE,1,"2025/05/02 17:40:00","2025/05/02 17:38:28",NSW1,1,-0.02300000,1,0.01213944,1
D,FPP,REGION_FREQ_MEASURE,1,"2025/05/02 17:40:00","2025/05/02 17:38:28",QLD1,1,-0.02600000,1,0.01201693,1
D,FPP,REGION_FREQ_MEASURE,1,"2025/05/02 17:40:00","2025/05/02 17:38:28",SA1,1,-0.02000000,1,0.00514954,1
D,FPP,REGION_FREQ_MEASURE,1,"2025/05/02 17:40:00","2025/05/02 17:38:28",TAS1,1,-0.01400000,1,0.00603077,1
D,FPP,REGION_FREQ_MEASURE,1,"2025/05/02 17:40:00","2025/05/02 17:38:28",VIC1,1,-0.01800000,1,0.00443920,1
D,FPP,REGION_FREQ_MEASURE,1,"2025/05/02 17:40:00","2025/05/02 17:38:32",NSW1,1,0.01300000,1,0.00655290,1
D,FPP,REGION_FREQ_MEASURE,1,"2025/05/02 17:40:00","2025/05/02 17:38:32",QLD1,1,0.00100000,1,0.00912428,1
D,FPP,REGION_FREQ_MEASURE,1,"2025/05/02 17:40:00","2025/05/02 17:38:32",SA1,1,-0.02800000,1,0.01022742,1
D,FPP,REGION_FREQ_MEASURE,1,"2025/05/02 17:40:00","2025/05/02 17:38:32",TAS1,1,-0.03100000,1,0.01157949,1
D,FPP,REGION_FREQ_MEASURE,1,"2025/05/02 17:40:00","2025/05/02 17:38:32",VIC1,1,-0.03000000,1,0.01011938,1
D,FPP,REGION_FREQ_MEASURE,1,"2025/05/02 17:40:00","2025/05/02 17:38:36",NSW1,1,0.03100000,1,-0.00179219,1
D,FPP,REGION_FREQ_MEASURE,1,"2025/05/02 17:40:00","2025/05/02 17:38:36",QLD1,1,0.03800000,1,-0.00134778,1
D,FPP,REGION_FREQ_MEASURE,1,"2025/05/02 17:40:00","2025/05/02 17:38:36",SA1,1,-0.01100000,1,0.01039910,1
D,FPP,REGION_FREQ_MEASURE,1,"2025/05/02 17:40:00","2025/05/02 17:38:36",TAS1,1,-0.05800000,1,0.02189516,1
D,FPP,REGION_FREQ_MEASURE,1,"2025/05/02 17:40:00","2025/05/02 17:38:36",VIC1,1,-0.01300000,1,0.01075952,1
D,FPP,REGION_FREQ_MEASURE,1,"2025/05/02 17:40:00","2025/05/02 17:38:40",NSW1,1,0.03200000,1,-0.00850504,1
D,FPP,REGION_FREQ_MEASURE,1,"2025/05/02 17:40:00","2025/05/02 17:38:40",QLD1,1,0.03000000,1,-0.00771494,1
D,FPP,REGION_FREQ_MEASURE,1,"2025/05/02 17:40:00","2025/05/02 17:38:40",SA1,1,0.02900000,1,0.00164374,0
D,FPP,REGION_FREQ_MEASURE,1,"2025/05/02 17:40:00","2025/05/02 17:38:40",TAS1,1,-0.02500000,1,0.02258512,1
D,FPP,REGION_FREQ_MEASURE,1,"2025/05/02 17:40:00","2025/05/02 17:38:40",VIC1,1,0.02800000,1,0.00214629,0
D,FPP,REGION_FREQ_MEASURE,1,"2025/05/02 17:40:00","2025/05/02 17:38:44",NSW1,1,0.02400000,1,-0.01194836,1
D,FPP,REGION_FREQ_MEASURE,1,"2025/05/02 17:40:00","2025/05/02 17:38:44",QLD1,1,0.02600000,1,-0.01177829,1
D,FPP,REGION_FREQ_MEASURE,1,"2025/05/02 17:40:00","2025/05/02 17:38:44",SA1,1,0.02500000,1,-0.00427709,1
D,FPP,REGION_FREQ_MEASURE,1,"2025/05/02 17:40:00","2025/05/02 17:38:44",TAS1,1,0.03200000,1,0.01045509,0
D,FPP,REGION_FREQ_MEASURE,1,"2025/05/02 17:40:00","2025/05/02 17:38:44",VIC1,1,0.02600000,1,-0.00410844,1
D,FPP,REGION_FREQ_MEASURE,1,"2025/05/02 17:40:00","2025/05/02 17:38:48",NSW1,1,0.01200000,1,-0.01195984,1
D,FPP,REGION_FREQ_MEASURE,1,"2025/05/02 17:40:00","2025/05/02 17:38:48",QLD1,1,0.01300000,1,-0.01204978,1
D,FPP,REGION_FREQ_MEASURE,1,"2025/05/02 17:40:00","2025/05/02 17:38:48",SA1,1,0.02700000,1,-0.00932663,1
D,FPP,REGION_FREQ_MEASURE,1,"2025/05/02 17:40:00","2025/05/02 17:38:48",TAS1,1,0.06300000,1,-0.00586826,1
D,FPP,REGION_FREQ_MEASURE,1,"2025/05/02 17:40:00","2025/05/02 17:38:48",VIC1,1,0.02600000,1,-0.00897323,1
D,FPP,REGION_FREQ_MEASURE,1,"2025/05/02 17:40:00","2025/05/02 17:38:52",NSW1,1,0.01500000,1,-0.01263543,1
D,FPP,REGION_FREQ_MEASURE,1,"2025/05/02 17:40:00","2025/05/02 17:38:52",QLD1,1,0.01100000,1,-0.01181650,1
D,FPP,REGION_FREQ_MEASURE,1,"2025/05/02 17:40:00","2025/05/02 17:38:52",SA1,1,0.02500000,1,-0.01280960,1
D,FPP,REGION_FREQ_MEASURE,1,"2025/05/02 17:40:00","2025/05/02 17:38:52",TAS1,1,0.07000000,1,-0.02011976,1
D,FPP,REGION_FREQ_MEASURE,1,"2025/05/02 17:40:00","2025/05/02 17:38:52",VIC1,1,0.02100000,1,-0.01164585,1
D,FPP,REGION_FREQ_MEASURE,1,"2025/05/02 17:40:00","2025/05/02 17:38:56",NSW1,1,0.02400000,1,-0.01516089,1
D,FPP,REGION_FREQ_MEASURE,1,"2025/05/02 17:40:00","2025/05/02 17:38:56",QLD1,1,0.02300000,1,-0.01430172,1
D,FPP,REGION_FREQ_MEASURE,1,"2025/05/02 17:40:00","2025/05/02 17:38:56",SA1,1,0.00800000,1,-0.01174080,1
D,FPP,REGION_FREQ_MEASURE,1,"2025/05/02 17:40:00","2025/05/02 17:38:56",TAS1,1,0.03000000,1,-0.02231537,1
D,FPP,REGION_FREQ_MEASURE,1,"2025/05/02 17:40:00","2025/05/02 17:38:56",VIC1,1,0.00900000,1,-0.01105788,1
D,FPP,REGION_FREQ_MEASURE,1,"2025/05/02 17:40:00","2025/05/02 17:39:00",NSW1,1,0.02300000,1,-0.01690291,1
D,FPP,REGION_FREQ_MEASURE,1,"2025/05/02 17:40:00","2025/05/02 17:39:00",QLD1,1,0.02300000,1,-0.01623467,1
D,FPP,REGION_FREQ_MEASURE,1,"2025/05/02 17:40:00","2025/05/02 17:39:00",SA1,1,0.01800000,1,-0.01313173,1
D,FPP,REGION_FREQ_MEASURE,1,"2025/05/02 17:40:00","2025/05/02 17:39:00",TAS1,1,-0.00300000,1,-0.01668973,1
D,FPP,REGION_FREQ_MEASURE,1,"2025/05/02 17:40:00","2025/05/02 17:39:00",VIC1,1,0.01600000,1,-0.01215613,1
D,FPP,REGION_FREQ_MEASURE,1,"2025/05/02 17:40:00","2025/05/02 17:39:04",NSW1,1,0.02700000,1,-0.01914671,1
D,FPP,REGION_FREQ_MEASURE,1,"2025/05/02 17:40:00","2025/05/02 17:39:04",QLD1,1,0.02100000,1,-0.01729363,1
D,FPP,REGION_FREQ_MEASURE,1,"2025/05/02 17:40:00","2025/05/02 17:39:04",SA1,1,0.02600000,1,-0.01599135,1
D,FPP,REGION_FREQ_MEASURE,1,"2025/05/02 17:40:00","2025/05/02 17:39:04",TAS1,1,-0.01600000,1,-0.00942535,0
D,FPP,REGION_FREQ_MEASURE,1,"2025/05/02 17:40:00","2025/05/02 17:39:04",VIC1,1,0.02400000,1,-0.01478810,1
D,FPP,REGION_FREQ_MEASURE,1,"2025/05/02 17:40:00","2025/05/02 17:39:08",NSW1,1,0.03000000,1,-0.02155855,1
D,FPP,REGION_FREQ_MEASURE,1,"2025/05/02 17:40:00","2025/05/02 17:39:08",QLD1,1,0.03100000,1,-0.02033949,1
D,FPP,REGION_FREQ_MEASURE,1,"2025/05/02 17:40:00","2025/05/02 17:39:08",SA1,1,0.02300000,1,-0.01754883,1
D,FPP,REGION_FREQ_MEASURE,1,"2025/05/02 17:40:00","2025/05/02 17:39:08",TAS1,1,-0.00900000,1,-0.00533083,1
D,FPP,REGION_FREQ_MEASURE,1,"2025/05/02 17:40:00","2025/05/02 17:39:08",VIC1,1,0.02100000,1,-0.01616852,1
D,FPP,REGION_FREQ_MEASURE,1,"2025/05/02 17:40:00","2025/05/02 17:39:12",NSW1,1,0.03100000,1,-0.02365665,1
D,FPP,REGION_FREQ_MEASURE,1,"2025/05/02 17:40:00","2025/05/02 17:39:12",QLD1,1,0.02800000,1,-0.02204183,1
D,FPP,REGION_FREQ_MEASURE,1,"2025/05/02 17:40:00","2025/05/02 17:39:12",SA1,1,0.02800000,1,-0.01987131,1
D,FPP,REGION_FREQ_MEASURE,1,"2025/05/02 17:40:00","2025/05/02 17:39:12",TAS1,1,-0.00600000,1,-0.00281287,1
D,FPP,REGION_FREQ_MEASURE,1,"2025/05/02 17:40:00","2025/05/02 17:39:12",VIC1,1,0.02600000,1,-0.01835329,1
D,FPP,REGION_FREQ_MEASURE,1,"2025/05/02 17:40:00","2025/05/02 17:39:16",NSW1,1,0.02800000,1,-0.02462184,1
D,FPP,REGION_FREQ_MEASURE,1,"2025/05/02 17:40:00","2025/05/02 17:39:16",QLD1,1,0.02900000,1,-0.02358809,1
D,FPP,REGION_FREQ_MEASURE,1,"2025/05/02 17:40:00","2025/05/02 17:39:16",SA1,1,0.02800000,1,-0.02167769,1
D,FPP,REGION_FREQ_MEASURE,1,"2025/05/02 17:40:00","2025/05/02 17:39:16",TAS1,1,-0.00600000,1,-0.00085445,1
D,FPP,REGION_FREQ_MEASURE,1,"2025/05/02 17:40:00","2025/05/02 17:39:16",VIC1,1,0.03000000,1,-0.02094145,1
D,FPP,REGION_FREQ_MEASURE,1,"2025/05/02 17:40:00","2025/05/02 17:39:20",NSW1,1,0.02200000,1,-0.02403921,1
D,FPP,REGION_FREQ_MEASURE,1,"2025/05/02 17:40:00","2025/05/02 17:39:20",QLD1,1,0.02500000,1,-0.02390185,1
D,FPP,REGION_FREQ_MEASURE,1,"2025/05/02 17:40:00","2025/05/02 17:39:20",SA1,1,0.02800000,1,-0.02308265,1
D,FPP,REGION_FREQ_MEASURE,1,"2025/05/02 17:40:00","2025/05/02 17:39:20",TAS1,1,-0.02000000,1,0.00377987,1
D,FPP,REGION_FREQ_MEASURE,1,"2025/05/02 17:40:00","2025/05/02 17:39:20",VIC1,1,0.02600000,1,-0.02206557,1
D,FPP,REGION_FREQ_MEASURE,1,"2025/05/02 17:40:00","2025/05/02 17:39:24",NSW1,1,0.00500000,1,-0.01980827,1
D,FPP,REGION_FREQ_MEASURE,1,"2025/05/02 17:40:00","2025/05/02 17:39:24",QLD1,1,0.01400000,1,-0.02170144,1
D,FPP,REGION_FREQ_MEASURE,1,"2025/05/02 17:40:00","2025/05/02 17:39:24",SA1,1,0.02800000,1,-0.02417539,1
D,FPP,REGION_FREQ_MEASURE,1,"2025/05/02 17:40:00","2025/05/02 17:39:24",TAS1,1,0.06200000,1,-0.01083788,1
D,FPP,REGION_FREQ_MEASURE,1,"2025/05/02 17:40:00","2025/05/02 17:39:24",VIC1,1,0.02600000,1,-0.02293989,1
D,FPP,REGION_FREQ_MEASURE,1,"2025/05/02 17:40:00","2025/05/02 17:39:28",NSW1,1,0.00600000,1,-0.01673977,1
D,FPP,REGION_FREQ_MEASURE,1,"2025/05/02 17:40:00","2025/05/02 17:39:28",QLD1,1,0.00400000,1,-0.01776779,1
D,FPP,REGION_FREQ_MEASURE,1,"2025/05/02 17:40:00","2025/05/02 17:39:28",SA1,1,0.02000000,1,-0.02324753,1
D,FPP,REGION_FREQ_MEASURE,1,"2025/05/02 17:40:00","2025/05/02 17:39:28",TAS1,1,0.12800000,1,-0.03687391,1
D,FPP,REGION_FREQ_MEASURE,1,"2025/05/02 17:40:00","2025/05/02 17:39:28",VIC1,1,0.02000000,1,-0.02228658,1
D,FPP,REGION_FREQ_MEASURE,1,"2025/05/02 17:40:00","2025/05/02 17:39:32",NSW1,1,0.02300000,1,-0.01813093,1
D,FPP,REGION_FREQ_MEASURE,1,"2025/05/02 17:40:00","2025/05/02 17:39:32",QLD1,1,0.02200000,1,-0.01870828,1
D,FPP,REGION_FREQ_MEASURE,1,"2025/05/02 17:40:00","2025/05/02 17:39:32",SA1,1,0.00500000,1,-0.01919252,1
D,FPP,REGION_FREQ_MEASURE,1,"2025/05/02 17:40:00","2025/05/02 17:39:32",TAS1,1,0.12600000,1,-0.05667971,1
D,FPP,REGION_FREQ_MEASURE,1,"2025/05/02 17:40:00","2025/05/02 17:39:32",VIC1,1,0.00600000,1,-0.01866734,1
D,FPP,REGION_FREQ_MEASURE,1,"2025/05/02 17:40:00","2025/05/02 17:39:36",NSW1,1,0.01700000,1,-0.01787961,1
D,FPP,REGION_FREQ_MEASURE,1,"2025/05/02 17:40:00","2025/05/02 17:39:36",QLD1,1,0.01800000,1,-0.01855088,1
D,FPP,REGION_FREQ_MEASURE,1,"2025/05/02 17:40:00","2025/05/02 17:39:36",SA1,1,0.01700000,1,-0.01870529,1
D,FPP,REGION_FREQ_MEASURE,1,"2025/05/02 17:40:00","2025/05/02 17:39:36",TAS1,1,0.06900000,1,-0.05941755,1
D,FPP,REGION_FREQ_MEASURE,1,"2025/05/02 17:40:00","2025/05/02 17:39:36",VIC1,1,0.01500000,1,-0.01785238,1
D,FPP,REGION_FREQ_MEASURE,1,"2025/05/02 17:40:00","2025/05/02 17:39:40",NSW1,1,0.02000000,1,-0.01835081,1
D,FPP,REGION_FREQ_MEASURE,1,"2025/05/02 17:40:00","2025/05/02 17:39:40",QLD1,1,0.02300000,1,-0.01953957,1
D,FPP,REGION_FREQ_MEASURE,1,"2025/05/02 17:40:00","2025/05/02 17:39:40",SA1,1,0.01900000,1,-0.01877078,1
D,FPP,REGION_FREQ_MEASURE,1,"2025/05/02 17:40:00","2025/05/02 17:39:40",TAS1,1,0.09500000,1,-0.06732476,1
D,FPP,REGION_FREQ_MEASURE,1,"2025/05/02 17:40:00","2025/05/02 17:39:40",VIC1,1,0.01900000,1,-0.01810741,1
D,FPP,REGION_FREQ_MEASURE,1,"2025/05/02 17:40:00","2025/05/02 17:39:44",NSW1,1,0.01500000,1,-0.01760619,1
D,FPP,REGION_FREQ_MEASURE,1,"2025/05/02 17:40:00","2025/05/02 17:39:44",QLD1,1,0.01400000,1,-0.01830855,1
D,FPP,REGION_FREQ_MEASURE,1,"2025/05/02 17:40:00","2025/05/02 17:39:44",SA1,1,0.01900000,1,-0.01882172,1
D,FPP,REGION_FREQ_MEASURE,1,"2025/05/02 17:40:00","2025/05/02 17:39:44",TAS1,1,0.13300000,1,-0.08191926,1
D,FPP,REGION_FREQ_MEASURE,1,"2025/05/02 17:40:00","2025/05/02 17:39:44",VIC1,1,0.01900000,1,-0.01830576,1
D,FPP,REGION_FREQ_MEASURE,1,"2025/05/02 17:40:00","2025/05/02 17:39:48",NSW1,1,0.00600000,1,-0.01502704,1
D,FPP,REGION_FREQ_MEASURE,1,"2025/05/02 17:40:00","2025/05/02 17:39:48",QLD1,1,0.00600000,1,-0.01557332,1
D,FPP,REGION_FREQ_MEASURE,1,"2025/05/02 17:40:00","2025/05/02 17:39:48",SA1,1,0.01700000,1,-0.01841689,1
D,FPP,REGION_FREQ_MEASURE,1,"2025/05/02 17:40:00","2025/05/02 17:39:48",TAS1,1,0.09000000,1,-0.08371498,1
D,FPP,REGION_FREQ_MEASURE,1,"2025/05/02 17:40:00","2025/05/02 17:39:48",VIC1,1,0.01900000,1,-0.01846004,1
D,FPP,REGION_FREQ_MEASURE,1,"2025/05/02 17:40:00","2025/05/02 17:39:52",NSW1,1,0.01800000,1,-0.01568770,1
D,FPP,REGION_FREQ_MEASURE,1,"2025/05/02 17:40:00","2025/05/02 17:39:52",QLD1,1,0.01200000,1,-0.01477925,1
D,FPP,REGION_FREQ_MEASURE,1,"2025/05/02 17:40:00","2025/05/02 17:39:52",SA1,1,0.01100000,1,-0.01676869,1
D,FPP,REGION_FREQ_MEASURE,1,"2025/05/02 17:40:00","2025/05/02 17:39:52",TAS1,1,0.04800000,1,-0.07577832,1
D,FPP,REGION_FREQ_MEASURE,1,"2025/05/02 17:40:00","2025/05/02 17:39:52",VIC1,1,0.01200000,1,-0.01702448,1
D,FPP,REGION_FREQ_MEASURE,1,"2025/05/02 17:40:00","2025/05/02 17:39:56",NSW1,1,0.02100000,1,-0.01686821,1
D,FPP,REGION_FREQ_MEASURE,1,"2025/05/02 17:40:00","2025/05/02 17:39:56",QLD1,1,0.02500000,1,-0.01705053,1
D,FPP,REGION_FREQ_MEASURE,1,"2025/05/02 17:40:00","2025/05/02 17:39:56",SA1,1,0.00800000,1,-0.01482009,1
D,FPP,REGION_FREQ_MEASURE,1,"2025/05/02 17:40:00","2025/05/02 17:39:56",TAS1,1,0.04600000,1,-0.06916092,1
D,FPP,REGION_FREQ_MEASURE,1,"2025/05/02 17:40:00","2025/05/02 17:39:56",VIC1,1,0.00900000,1,-0.01524126,1
D,FPP,REGION_FREQ_MEASURE,1,"2025/05/02 17:40:00","2025/05/02 17:40:00",NSW1,1,0.02300000,1,-0.01823083,1
D,FPP,REGION_FREQ_MEASURE,1,"2025/05/02 17:40:00","2025/05/02 17:40:00",QLD1,1,0.02400000,1,-0.01859486,1
D,FPP,REGION_FREQ_MEASURE,1,"2025/05/02 17:40:00","2025/05/02 17:40:00",SA1,1,0.01700000,1,-0.01530451,1
D,FPP,REGION_FREQ_MEASURE,1,"2025/05/02 17:40:00","2025/05/02 17:40:00",TAS1,1,0.10500000,1,-0.07712516,1
D,FPP,REGION_FREQ_MEASURE,1,"2025/05/02 17:40:00","2025/05/02 17:40:00",VIC1,1,0.01800000,1,-0.01585431,1
I,FPP,RESIDUAL_CF,1,INTERVAL_DATETIME,CONSTRAINTID,VERSIONNO,BIDTYPE,RESIDUAL_CF,NEGATIVE_RESIDUAL_CF,RESIDUAL_DCF,RESIDUAL_CF_REASON_FLAG,CF_ABS_POSITIVE_PERF_TOTAL,CF_ABS_NEGATIVE_PERF_TOTAL,NCF_ABS_NEGATIVE_PERF_TOTAL
D,FPP,RESIDUAL_CF,1,"2025/05/02 17:40:00",F_MAIN++NIL_MG_R5,1,RAISEREG,-0.32880268,-0.32880268,-0.24320973,0,15.19589,12.01003,12.01003
D,FPP,RESIDUAL_CF,1,"2025/05/02 17:40:00",F_T+LREG_0050,1,LOWERREG,0.07792967,0.00000000,-0.22422379,0,25.45757,7.95422,7.95422
D,FPP,RESIDUAL_CF,1,"2025/05/02 17:40:00",F_T+RREG_0050,1,RAISEREG,-0.18989147,-0.18989147,-0.32144596,0,2.30684,4.47998,4.47998
D,FPP,RESIDUAL_CF,1,"2025/05/02 17:40:00",F_TASCAP_LREG_0210,1,LOWERREG,-0.23277105,-0.23277105,-0.28196824,0,132.61913,138.12551,138.12551
I,FPP,RESIDUAL_PERFORMANCE,1,INTERVAL_DATETIME,REGIONID,VERSIONNO,RAISE_PERFORMANCE,RAISE_REASON_FLAG,LOWER_PERFORMANCE,LOWER_REASON_FLAG
D,FPP,RESIDUAL_PERFORMANCE,1,"2025/05/02 17:40:00",NSW1,1,-2.05657,0,-2.49720,0
D,FPP,RESIDUAL_PERFORMANCE,1,"2025/05/02 17:40:00",QLD1,1,-2.66173,0,-25.01011,0
D,FPP,RESIDUAL_PERFORMANCE,1,"2025/05/02 17:40:00",SA1,1,0.94741,0,-4.49911,0
D,FPP,RESIDUAL_PERFORMANCE,1,"2025/05/02 17:40:00",TAS1,1,-0.85071,0,1.98390,0
D,FPP,RESIDUAL_PERFORMANCE,1,"2025/05/02 17:40:00",VIC1,1,-0.17804,0,-0.14520,0
I,FPP,FPP_RUN,1,INTERVAL_DATETIME,VERSIONNO,FPPRUN_DATETIME,RUN_STATUS,AUTHORISED_DATETIME
D,FPP,FPP_RUN,1,"2025/05/02 17:40:00",1,"2025/05/02 17:40:00",Completed,"2025/05/02 17:43:11"
C,"END OF REPORT",702
